Auction Time,Edge Label,Good,Fisher Prices,New Prices,Capacity,End Capacity
11,e1,"V004_1_dep, V001_9_arr",0.0,0.0,5.0,5.0
11,e2,"V004_1_arr, V004_1",0.0,0.0,1.0,1.0
11,e3,"V004_1, V004_1_dep",0.0,0.0,5.0,5.0
11,e4,"V004_1, V004_2",0.0,0.0,7.0,7.0
11,e5,"V004_2, V004_2_dep",0.0,0.0,5.0,5.0
11,e6,"V004_2, V004_3",0.0,0.0,7.0,7.0
11,e7,"V002_1_dep, V007_39_arr",0.0,0.0,3.0,3.0
11,e8,"V002_1_arr, V002_1",0.0,0.0,1.0,1.0
11,e9,"V002_1, V002_1_dep",0.0,0.0,5.0,5.0
11,e10,"V002_1, V002_2",0.0,0.0,7.0,7.0
11,e11,"V002_2, V002_2_dep",0.0,0.0,5.0,5.0
11,e12,"V002_2, V002_3",0.0,0.0,7.0,7.0
11,e13,"V003_1_arr, V003_1",0.0,0.0,2.0,2.0
11,e14,"V003_1, V003_1_dep",0.0,0.0,1.0,1.0
11,e15,"V003_1, V003_2",0.0,0.0,8.0,8.0
11,e16,"V003_2, V003_2_dep",0.0,0.0,1.0,1.0
11,e17,"V003_2, V003_3",0.0,0.0,8.0,8.0
11,e18,"V001_1_dep, V003_5_arr",0.0,0.0,5.0,5.0
11,e19,"V001_1_arr, V001_1",0.0,0.0,2.0,2.0
11,e20,"V001_1, V001_1_dep",0.0,0.0,1.0,1.0
11,e21,"V001_1, V001_2",0.0,0.0,7.0,7.0
11,e22,"V001_2, V001_2_dep",0.0,0.0,1.0,1.0
11,e23,"V001_2, V001_3",0.0,0.0,7.0,7.0
11,e24,"V007_1_dep, V002_39_arr",0.0,0.0,3.0,3.0
11,e25,"V007_1_arr, V007_1",0.0,0.0,1.0,1.0
11,e26,"V007_1, V007_1_dep",0.0,0.0,2.0,2.0
11,e27,"V007_1, V007_2",0.0,0.0,6.0,6.0
11,e28,"V007_2, V007_2_dep",0.0,0.0,2.0,2.0
11,e29,"V007_2, V007_3",0.0,0.0,6.0,6.0
11,e30,"V004_2_dep, V001_10_arr",0.0,0.0,5.0,5.0
11,e31,"V004_2_arr, V004_2",0.0,0.0,1.0,1.0
11,e32,"V004_3, V004_3_dep",0.0,0.0,5.0,5.0
11,e33,"V004_3, V004_4",0.0,0.0,7.0,7.0
11,e34,"V002_2_dep, V007_40_arr",0.0,0.0,3.0,3.0
11,e35,"V002_2_arr, V002_2",0.0,0.0,1.0,1.0
11,e36,"V002_3, V002_3_dep",0.0,0.0,5.0,5.0
11,e37,"V002_3, V002_4",0.0,0.0,7.0,7.0
11,e38,"V003_2_arr, V003_2",0.0,0.0,2.0,2.0
11,e39,"V003_3, V003_3_dep",0.0,0.0,1.0,1.0
11,e40,"V003_3, V003_4",0.0,0.0,8.0,8.0
11,e41,"V001_2_dep, V003_6_arr",0.0,0.0,5.0,5.0
11,e42,"V001_2_arr, V001_2",0.0,0.0,2.0,2.0
11,e43,"V001_3, V001_3_dep",0.0,0.0,1.0,1.0
11,e44,"V001_3, V001_4",0.0,0.0,7.0,7.0
11,e45,"V007_2_dep, V002_40_arr",0.0,0.0,3.0,3.0
11,e46,"V007_2_arr, V007_2",0.0,0.0,1.0,1.0
11,e47,"V007_3, V007_3_dep",0.0,0.0,2.0,2.0
11,e48,"V007_3, V007_4",0.0,0.0,6.0,6.0
11,e49,"V004_3_dep, V001_11_arr",0.0,0.0,5.0,5.0
11,e50,"V004_3_arr, V004_3",0.0,0.0,1.0,1.0
11,e51,"V004_4, V004_4_dep",0.0,0.0,5.0,5.0
11,e52,"V004_4, V004_5",0.0,0.0,7.0,7.0
11,e53,"V002_3_dep, V007_41_arr",0.0,0.0,3.0,3.0
11,e54,"V002_3_arr, V002_3",0.0,0.0,1.0,1.0
11,e55,"V002_4, V002_4_dep",0.0,0.0,5.0,5.0
11,e56,"V002_4, V002_5",0.0,0.0,7.0,7.0
11,e57,"V003_3_arr, V003_3",0.0,0.0,2.0,2.0
11,e58,"V003_4, V003_4_dep",0.0,0.0,1.0,1.0
11,e59,"V003_4, V003_5",0.0,0.0,8.0,8.0
11,e60,"V001_3_dep, V003_7_arr",0.0,0.0,5.0,5.0
11,e61,"V001_3_arr, V001_3",0.0,0.0,2.0,2.0
11,e62,"V001_4, V001_4_dep",0.0,0.0,1.0,1.0
11,e63,"V001_4, V001_5",0.0,0.0,7.0,7.0
11,e64,"V007_3_dep, V002_41_arr",0.0,0.0,3.0,3.0
11,e65,"V007_3_arr, V007_3",0.0,0.0,1.0,1.0
11,e66,"V007_4, V007_4_dep",0.0,0.0,2.0,2.0
11,e67,"V007_4, V007_5",0.0,0.0,6.0,6.0
11,e68,"V004_4_dep, V001_12_arr",0.0,0.0,5.0,5.0
11,e69,"V004_4_arr, V004_4",0.0,0.0,1.0,1.0
11,e70,"V004_5, V004_5_dep",0.0,0.0,5.0,5.0
11,e71,"V004_5, V004_6",0.0,0.0,7.0,7.0
11,e72,"V002_4_dep, V007_42_arr",0.0,0.0,3.0,3.0
11,e73,"V002_4_arr, V002_4",0.0,0.0,1.0,1.0
11,e74,"V002_5, V002_5_dep",0.0,0.0,5.0,5.0
11,e75,"V002_5, V002_6",0.0,0.0,7.0,7.0
11,e76,"V003_4_arr, V003_4",0.0,0.0,2.0,2.0
11,e77,"V003_5, V003_5_dep",0.0,0.0,1.0,1.0
11,e78,"V003_5, V003_6",0.0,0.0,8.0,8.0
11,e79,"V001_4_dep, V003_8_arr",0.0,0.0,5.0,5.0
11,e80,"V001_4_arr, V001_4",0.0,0.0,2.0,2.0
11,e81,"V001_5, V001_5_dep",0.0,0.0,1.0,1.0
11,e82,"V001_5, V001_6",0.0,0.0,7.0,7.0
11,e83,"V007_4_dep, V002_42_arr",0.0,0.0,3.0,3.0
11,e84,"V007_4_arr, V007_4",0.0,0.0,1.0,1.0
11,e85,"V007_5, V007_5_dep",0.0,0.0,2.0,2.0
11,e86,"V007_5, V007_6",0.0,0.0,6.0,6.0
11,e87,"V004_5_dep, V001_13_arr",0.0,0.0,5.0,5.0
11,e88,"V004_5_arr, V004_5",0.0,0.0,1.0,1.0
11,e89,"V004_6, V004_6_dep",0.0,0.0,5.0,5.0
11,e90,"V004_6, V004_7",0.0,0.0,7.0,7.0
11,e91,"V002_5_dep, V007_43_arr",0.0,0.0,3.0,3.0
11,e92,"V002_5_arr, V002_5",0.0,0.0,1.0,1.0
11,e93,"V002_6, V002_6_dep",0.0,0.0,5.0,5.0
11,e94,"V002_6, V002_7",0.0,0.0,7.0,7.0
11,e95,"V003_5_arr, V003_5",0.0,0.0,2.0,2.0
11,e96,"V003_6, V003_6_dep",0.0,0.0,1.0,1.0
11,e97,"V003_6, V003_7",0.0,0.0,8.0,8.0
11,e98,"V001_5_dep, V003_9_arr",0.0,0.0,5.0,5.0
11,e99,"V001_5_arr, V001_5",0.0,0.0,2.0,2.0
11,e100,"V001_6, V001_6_dep",0.0,0.0,1.0,1.0
11,e101,"V001_6, V001_7",0.0,0.0,7.0,7.0
11,e102,"V007_5_dep, V002_43_arr",0.0,0.0,3.0,3.0
11,e103,"V007_5_arr, V007_5",0.0,0.0,1.0,1.0
11,e104,"V007_6, V007_6_dep",0.0,0.0,2.0,2.0
11,e105,"V007_6, V007_7",0.0,0.0,6.0,6.0
11,e106,"V004_6_dep, V001_14_arr",0.0,0.0,5.0,5.0
11,e107,"V004_6_arr, V004_6",0.0,0.0,1.0,1.0
11,e108,"V004_7, V004_7_dep",0.0,0.0,5.0,5.0
11,e109,"V004_7, V004_8",0.0,0.0,7.0,7.0
11,e110,"V002_6_dep, V007_44_arr",0.0,0.0,3.0,3.0
11,e111,"V002_6_arr, V002_6",0.0,0.0,1.0,1.0
11,e112,"V002_7, V002_7_dep",0.0,0.0,5.0,5.0
11,e113,"V002_7, V002_8",0.0,0.0,7.0,7.0
11,e114,"V003_6_arr, V003_6",0.0,0.0,2.0,2.0
11,e115,"V003_7, V003_7_dep",0.0,0.0,1.0,1.0
11,e116,"V003_7, V003_8",0.0,0.0,8.0,8.0
11,e117,"V001_6_dep, V003_10_arr",0.0,0.0,5.0,5.0
11,e118,"V001_6_arr, V001_6",0.0,0.0,2.0,2.0
11,e119,"V001_7, V001_7_dep",0.0,0.0,1.0,1.0
11,e120,"V001_7, V001_8",0.0,0.0,7.0,7.0
11,e121,"V007_6_dep, V002_44_arr",0.0,0.0,3.0,3.0
11,e122,"V007_6_arr, V007_6",0.0,0.0,1.0,1.0
11,e123,"V007_7, V007_7_dep",0.0,0.0,2.0,2.0
11,e124,"V007_7, V007_8",0.0,0.0,6.0,6.0
11,e125,"V004_7_dep, V001_15_arr",0.0,0.0,5.0,5.0
11,e126,"V004_7_arr, V004_7",0.0,0.0,1.0,1.0
11,e127,"V004_8, V004_8_dep",0.0,0.0,5.0,5.0
11,e128,"V004_8, V004_9",0.0,0.0,7.0,7.0
11,e129,"V002_7_dep, V007_45_arr",0.0,0.0,3.0,3.0
11,e130,"V002_7_arr, V002_7",0.0,0.0,1.0,1.0
11,e131,"V002_8, V002_8_dep",0.0,0.0,5.0,5.0
11,e132,"V002_8, V002_9",0.0,0.0,7.0,7.0
11,e133,"V003_7_arr, V003_7",0.0,0.0,2.0,2.0
11,e134,"V003_8, V003_8_dep",0.0,0.0,1.0,1.0
11,e135,"V003_8, V003_9",0.0,0.0,8.0,8.0
11,e136,"V001_7_dep, V003_11_arr",0.0,0.0,5.0,5.0
11,e137,"V001_7_arr, V001_7",0.0,0.0,2.0,2.0
11,e138,"V001_8, V001_8_dep",0.0,0.0,1.0,1.0
11,e139,"V001_8, V001_9",0.0,0.0,7.0,7.0
11,e140,"V007_7_dep, V002_45_arr",0.0,0.0,3.0,3.0
11,e141,"V007_7_arr, V007_7",0.0,0.0,1.0,1.0
11,e142,"V007_8, V007_8_dep",0.0,0.0,2.0,2.0
11,e143,"V007_8, V007_9",0.0,0.0,6.0,6.0
11,e144,"V004_8_dep, V001_16_arr",0.0,0.0,5.0,5.0
11,e145,"V004_8_arr, V004_8",0.0,0.0,1.0,1.0
11,e146,"V004_9, V004_9_dep",0.0,0.0,5.0,5.0
11,e147,"V004_9, V004_10",0.0,0.0,7.0,7.0
11,e148,"V002_8_dep, V007_46_arr",0.0,0.0,3.0,3.0
11,e149,"V002_8_arr, V002_8",0.0,0.0,1.0,1.0
11,e150,"V002_9, V002_9_dep",0.0,0.0,5.0,5.0
11,e151,"V002_9, V002_10",0.0,0.0,7.0,7.0
11,e152,"V003_8_arr, V003_8",0.0,0.0,2.0,2.0
11,e153,"V003_9, V003_9_dep",0.0,0.0,1.0,1.0
11,e154,"V003_9, V003_10",0.0,0.0,8.0,8.0
11,e155,"V001_8_dep, V003_12_arr",0.0,0.0,5.0,5.0
11,e156,"V001_8_arr, V001_8",0.0,0.0,2.0,2.0
11,e157,"V001_9, V001_9_dep",0.0,0.0,1.0,1.0
11,e158,"V001_9, V001_10",0.0,0.0,7.0,7.0
11,e159,"V007_8_dep, V002_46_arr",0.0,0.0,3.0,3.0
11,e160,"V007_8_arr, V007_8",0.0,0.0,1.0,1.0
11,e161,"V007_9, V007_9_dep",0.0,0.0,2.0,2.0
11,e162,"V007_9, V007_10",0.0,0.0,6.0,6.0
11,e163,"V004_9_dep, V001_17_arr",0.0,0.0,5.0,5.0
11,e164,"V004_9_arr, V004_9",0.0,0.0,1.0,1.0
11,e165,"V004_10, V004_10_dep",0.0,0.0,5.0,5.0
11,e166,"V004_10, V004_11",0.0,0.0,7.0,7.0
11,e167,"V002_9_dep, V007_47_arr",0.0,0.0,3.0,3.0
11,e168,"V002_9_arr, V002_9",0.0,0.0,1.0,1.0
11,e169,"V002_10, V002_10_dep",0.0,0.0,5.0,5.0
11,e170,"V002_10, V002_11",0.0,0.0,7.0,7.0
11,e171,"V003_9_arr, V003_9",0.0,0.0,2.0,2.0
11,e172,"V003_10, V003_10_dep",0.0,0.0,1.0,1.0
11,e173,"V003_10, V003_11",0.0,0.0,8.0,8.0
11,e174,"V001_9_dep, V003_13_arr",0.0,0.0,5.0,5.0
11,e175,"V001_9_arr, V001_9",0.0,0.0,2.0,2.0
11,e176,"V001_10, V001_10_dep",0.0,0.0,1.0,1.0
11,e177,"V001_10, V001_11",0.0,0.0,7.0,7.0
11,e178,"V007_9_dep, V002_47_arr",0.0,0.0,3.0,3.0
11,e179,"V007_9_arr, V007_9",0.0,0.0,1.0,1.0
11,e180,"V007_10, V007_10_dep",0.0,0.0,2.0,2.0
11,e181,"V007_10, V007_11",0.0,0.0,6.0,6.0
11,e182,"V004_10_dep, V001_18_arr",0.0,0.0,5.0,5.0
11,e183,"V004_10_arr, V004_10",0.0,0.0,1.0,1.0
11,e184,"V004_11, V004_11_dep",0.0,0.0,5.0,5.0
11,e185,"V004_11, V004_12",0.0,0.0,7.0,6.0
11,e186,"V002_10_dep, V007_48_arr",0.0,0.0,3.0,3.0
11,e187,"V002_10_arr, V002_10",0.0,0.0,1.0,1.0
11,e188,"V002_11, V002_11_dep",0.0,0.0,5.0,5.0
11,e189,"V002_11, V002_12",0.0,0.0,7.0,6.0
11,e190,"V003_10_arr, V003_10",0.0,0.0,2.0,2.0
11,e191,"V003_11, V003_11_dep",0.0,0.0,1.0,1.0
11,e192,"V003_11, V003_12",0.0,0.0,8.0,8.0
11,e193,"V001_10_dep, V003_14_arr",0.0,0.0,5.0,5.0
11,e194,"V001_10_arr, V001_10",0.0,0.0,2.0,2.0
11,e195,"V001_11, V001_11_dep",0.0,0.0,1.0,1.0
11,e196,"V001_11, V001_12",0.0,0.0,7.0,6.0
11,e197,"V007_10_dep, V002_48_arr",0.0,0.0,3.0,3.0
11,e198,"V007_10_arr, V007_10",0.0,0.0,1.0,1.0
11,e199,"V007_11, V007_11_dep",0.0,0.0,2.0,2.0
11,e200,"V007_11, V007_12",0.0,0.0,6.0,4.0
11,e201,"V004_11_dep, V001_19_arr",0.0,0.0,5.0,5.0
11,e202,"V004_11_arr, V004_11",0.0,0.0,1.0,1.0
11,e203,"V004_12, V004_12_dep",0.0,0.0,5.0,5.0
11,e204,"V004_12, V004_13",0.0,0.0,7.0,6.0
11,e205,"V002_11_dep, V007_49_arr",0.0,0.0,3.0,3.0
11,e206,"V002_11_arr, V002_11",0.0,0.0,1.0,1.0
11,e207,"V002_12, V002_12_dep",0.0,0.0,5.0,5.0
11,e208,"V002_12, V002_13",0.0,0.0,7.0,6.0
11,e209,"V003_11_arr, V003_11",0.0,0.0,2.0,2.0
11,e210,"V003_12, V003_12_dep",0.0,0.0,1.0,1.0
11,e211,"V003_12, V003_13",0.0,0.0,8.0,8.0
11,e212,"V001_11_dep, V003_15_arr",0.0,0.0,5.0,5.0
11,e213,"V001_11_arr, V001_11",0.0,0.0,2.0,2.0
11,e214,"V001_12, V001_12_dep",0.0,0.0,1.0,1.0
11,e215,"V001_12, V001_13",0.0,0.0,7.0,6.0
11,e216,"V007_11_dep, V002_49_arr",0.0,0.0,3.0,3.0
11,e217,"V007_11_arr, V007_11",0.0,0.0,1.0,1.0
11,e218,"V007_12, V007_12_dep",0.0,0.0,2.0,2.0
11,e219,"V007_12, V007_13",0.0,0.0,6.0,4.0
11,e220,"V004_12_dep, V001_20_arr",0.0,0.0,5.0,5.0
11,e221,"V004_12_arr, V004_12",0.0,0.0,1.0,1.0
11,e222,"V004_13, V004_13_dep",0.0,0.0,5.0,5.0
11,e223,"V004_13, V004_14",0.0,0.0,7.0,6.0
11,e224,"V002_12_dep, V007_50_arr",0.0,0.0,3.0,3.0
11,e225,"V002_12_arr, V002_12",0.0,0.0,1.0,1.0
11,e226,"V002_13, V002_13_dep",0.0,0.0,5.0,5.0
11,e227,"V002_13, V002_14",0.0,0.0,7.0,6.0
11,e228,"V003_12_arr, V003_12",0.0,0.0,2.0,2.0
11,e229,"V003_13, V003_13_dep",0.0,0.0,1.0,1.0
11,e230,"V003_13, V003_14",0.0,0.0,8.0,8.0
11,e231,"V001_12_dep, V003_16_arr",0.0,0.0,5.0,5.0
11,e232,"V001_12_arr, V001_12",0.0,0.0,2.0,2.0
11,e233,"V001_13, V001_13_dep",0.0,0.0,1.0,1.0
11,e234,"V001_13, V001_14",0.0,0.0,7.0,6.0
11,e235,"V007_12_dep, V002_50_arr",0.0,0.0,3.0,3.0
11,e236,"V007_12_arr, V007_12",0.0,0.0,1.0,1.0
11,e237,"V007_13, V007_13_dep",0.0,0.0,2.0,2.0
11,e238,"V007_13, V007_14",0.0,0.0,6.0,4.0
11,e239,"V004_13_dep, V001_21_arr",0.0,0.0,5.0,5.0
11,e240,"V004_13_arr, V004_13",0.0,0.0,1.0,1.0
11,e241,"V004_14, V004_14_dep",0.0,0.0,5.0,5.0
11,e242,"V004_14, V004_15",0.0,0.0,7.0,6.0
11,e243,"V002_13_dep, V007_51_arr",0.0,0.0,3.0,3.0
11,e244,"V002_13_arr, V002_13",0.0,0.0,1.0,1.0
11,e245,"V002_14, V002_14_dep",0.0,0.0,5.0,5.0
11,e246,"V002_14, V002_15",0.0,0.0,7.0,6.0
11,e247,"V003_13_arr, V003_13",0.0,0.0,2.0,2.0
11,e248,"V003_14, V003_14_dep",0.0,0.0,1.0,1.0
11,e249,"V003_14, V003_15",0.0,0.0,8.0,8.0
11,e250,"V001_13_dep, V003_17_arr",0.0,0.0,5.0,5.0
11,e251,"V001_13_arr, V001_13",0.0,0.0,2.0,2.0
11,e252,"V001_14, V001_14_dep",0.0,0.0,1.0,1.0
11,e253,"V001_14, V001_15",0.0,0.0,7.0,6.0
11,e254,"V007_13_dep, V002_51_arr",0.0,0.0,3.0,3.0
11,e255,"V007_13_arr, V007_13",0.0,0.0,1.0,1.0
11,e256,"V007_14, V007_14_dep",0.0,0.0,2.0,2.0
11,e257,"V007_14, V007_15",0.0,0.0,6.0,4.0
11,e258,"V004_14_dep, V001_22_arr",0.0,0.0,5.0,5.0
11,e259,"V004_14_arr, V004_14",0.0,0.0,1.0,1.0
11,e260,"V004_15, V004_15_dep",0.0,0.0,5.0,5.0
11,e261,"V004_15, V004_16",0.0,0.0,7.0,6.0
11,e262,"V002_14_dep, V007_52_arr",0.0,0.0,3.0,3.0
11,e263,"V002_14_arr, V002_14",0.0,0.0,1.0,1.0
11,e264,"V002_15, V002_15_dep",0.0,0.0,5.0,5.0
11,e265,"V002_15, V002_16",0.0,0.0,7.0,6.0
11,e266,"V003_14_arr, V003_14",0.0,0.0,2.0,2.0
11,e267,"V003_15, V003_15_dep",0.0,0.0,1.0,1.0
11,e268,"V003_15, V003_16",0.0,0.0,8.0,8.0
11,e269,"V001_14_dep, V003_18_arr",0.0,0.0,5.0,5.0
11,e270,"V001_14_arr, V001_14",0.0,0.0,2.0,2.0
11,e271,"V001_15, V001_15_dep",0.0,0.0,1.0,1.0
11,e272,"V001_15, V001_16",0.0,0.0,7.0,6.0
11,e273,"V007_14_dep, V002_52_arr",0.0,0.0,3.0,3.0
11,e274,"V007_14_arr, V007_14",0.0,0.0,1.0,1.0
11,e275,"V007_15, V007_15_dep",0.0,0.0,2.0,2.0
11,e276,"V007_15, V007_16",0.0,0.0,6.0,4.0
11,e277,"V004_15_dep, V001_23_arr",0.0,0.0,5.0,5.0
11,e278,"V004_15_arr, V004_15",0.0,0.0,1.0,1.0
11,e279,"V004_16, V004_16_dep",0.0,0.0,5.0,5.0
11,e280,"V004_16, V004_17",0.0,0.0,7.0,6.0
11,e281,"V002_15_dep, V007_53_arr",0.0,0.0,3.0,3.0
11,e282,"V002_15_arr, V002_15",0.0,0.0,1.0,1.0
11,e283,"V002_16, V002_16_dep",0.0,0.0,5.0,5.0
11,e284,"V002_16, V002_17",0.0,0.0,7.0,6.0
11,e285,"V003_15_arr, V003_15",0.0,0.0,2.0,2.0
11,e286,"V003_16, V003_16_dep",0.0,0.0,1.0,1.0
11,e287,"V003_16, V003_17",0.0,0.0,8.0,8.0
11,e288,"V001_15_dep, V003_19_arr",0.0,0.0,5.0,5.0
11,e289,"V001_15_arr, V001_15",0.0,0.0,2.0,2.0
11,e290,"V001_16, V001_16_dep",0.0,0.0,1.0,1.0
11,e291,"V001_16, V001_17",0.0,0.0,7.0,6.0
11,e292,"V007_15_dep, V002_53_arr",0.0,0.0,3.0,3.0
11,e293,"V007_15_arr, V007_15",0.0,0.0,1.0,1.0
11,e294,"V007_16, V007_16_dep",0.0,0.0,2.0,2.0
11,e295,"V007_16, V007_17",0.0,0.0,6.0,4.0
11,e296,"V004_16_dep, V001_24_arr",0.0,0.0,5.0,5.0
11,e297,"V004_16_arr, V004_16",0.0,0.0,1.0,1.0
11,e298,"V004_17, V004_17_dep",0.0,0.0,5.0,5.0
11,e299,"V004_17, V004_18",0.0,0.0,7.0,6.0
11,e300,"V002_16_dep, V007_54_arr",0.0,0.0,3.0,3.0
11,e301,"V002_16_arr, V002_16",0.0,0.0,1.0,1.0
11,e302,"V002_17, V002_17_dep",0.0,0.0,5.0,5.0
11,e303,"V002_17, V002_18",0.0,0.0,7.0,6.0
11,e304,"V003_16_arr, V003_16",0.0,0.0,2.0,2.0
11,e305,"V003_17, V003_17_dep",0.0,0.0,1.0,1.0
11,e306,"V003_17, V003_18",0.0,0.0,8.0,8.0
11,e307,"V001_16_dep, V003_20_arr",0.0,0.0,5.0,5.0
11,e308,"V001_16_arr, V001_16",0.0,0.0,2.0,2.0
11,e309,"V001_17, V001_17_dep",0.0,0.0,1.0,1.0
11,e310,"V001_17, V001_18",0.0,0.0,7.0,6.0
11,e311,"V007_16_dep, V002_54_arr",0.0,0.0,3.0,3.0
11,e312,"V007_16_arr, V007_16",0.0,0.0,1.0,1.0
11,e313,"V007_17, V007_17_dep",0.0,0.0,2.0,2.0
11,e314,"V007_17, V007_18",0.0,0.0,6.0,4.0
11,e315,"V004_17_dep, V001_25_arr",0.0,0.0,5.0,5.0
11,e316,"V004_17_arr, V004_17",0.0,0.0,1.0,1.0
11,e317,"V004_18, V004_18_dep",0.0,0.0,5.0,5.0
11,e318,"V004_18, V004_19",0.0,0.0,7.0,6.0
11,e319,"V002_17_dep, V007_55_arr",0.0,0.0,3.0,3.0
11,e320,"V002_17_arr, V002_17",0.0,0.0,1.0,1.0
11,e321,"V002_18, V002_18_dep",0.0,0.0,5.0,5.0
11,e322,"V002_18, V002_19",0.0,0.0,7.0,6.0
11,e323,"V003_17_arr, V003_17",0.0,0.0,2.0,2.0
11,e324,"V003_18, V003_18_dep",0.0,0.0,1.0,1.0
11,e325,"V003_18, V003_19",0.0,0.0,8.0,8.0
11,e326,"V001_17_dep, V003_21_arr",0.0,0.0,5.0,5.0
11,e327,"V001_17_arr, V001_17",0.0,0.0,2.0,2.0
11,e328,"V001_18, V001_18_dep",0.0,0.0,1.0,1.0
11,e329,"V001_18, V001_19",0.0,0.0,7.0,6.0
11,e330,"V007_17_dep, V002_55_arr",0.0,0.0,3.0,3.0
11,e331,"V007_17_arr, V007_17",0.0,0.0,1.0,1.0
11,e332,"V007_18, V007_18_dep",0.0,0.0,2.0,2.0
11,e333,"V007_18, V007_19",0.0,0.0,6.0,4.0
11,e334,"V004_18_dep, V001_26_arr",0.0,0.0,5.0,5.0
11,e335,"V004_18_arr, V004_18",0.0,0.0,1.0,1.0
11,e336,"V004_19, V004_19_dep",0.0,0.0,5.0,5.0
11,e337,"V004_19, V004_20",0.0,0.0,7.0,6.0
11,e338,"V002_18_dep, V007_56_arr",0.0,0.0,3.0,3.0
11,e339,"V002_18_arr, V002_18",0.0,0.0,1.0,1.0
11,e340,"V002_19, V002_19_dep",0.0,0.0,5.0,5.0
11,e341,"V002_19, V002_20",0.0,0.0,7.0,6.0
11,e342,"V003_18_arr, V003_18",0.0,0.0,2.0,2.0
11,e343,"V003_19, V003_19_dep",0.0,0.0,1.0,1.0
11,e344,"V003_19, V003_20",0.0,0.0,8.0,8.0
11,e345,"V001_18_dep, V003_22_arr",0.0,0.0,5.0,5.0
11,e346,"V001_18_arr, V001_18",0.0,0.0,2.0,2.0
11,e347,"V001_19, V001_19_dep",0.0,0.0,1.0,1.0
11,e348,"V001_19, V001_20",0.0,0.0,7.0,6.0
11,e349,"V007_18_dep, V002_56_arr",0.0,0.0,3.0,3.0
11,e350,"V007_18_arr, V007_18",0.0,0.0,1.0,1.0
11,e351,"V007_19, V007_19_dep",0.0,0.0,2.0,2.0
11,e352,"V007_19, V007_20",0.0,0.0,6.0,4.0
11,e353,"V004_19_dep, V001_27_arr",0.0,0.0,5.0,5.0
11,e354,"V004_19_arr, V004_19",0.0,0.0,1.0,1.0
11,e355,"V004_20, V004_20_dep",0.0,0.0,5.0,5.0
11,e356,"V004_20, V004_21",0.0,0.0,7.0,6.0
11,e357,"V002_19_dep, V007_57_arr",0.0,0.0,3.0,3.0
11,e358,"V002_19_arr, V002_19",0.0,0.0,1.0,1.0
11,e359,"V002_20, V002_20_dep",0.0,0.0,5.0,5.0
11,e360,"V002_20, V002_21",0.0,0.0,7.0,6.0
11,e361,"V003_19_arr, V003_19",0.0,0.0,2.0,2.0
11,e362,"V003_20, V003_20_dep",0.0,0.0,1.0,1.0
11,e363,"V003_20, V003_21",0.0,0.0,8.0,8.0
11,e364,"V001_19_dep, V003_23_arr",0.0,0.0,5.0,5.0
11,e365,"V001_19_arr, V001_19",0.0,0.0,2.0,2.0
11,e366,"V001_20, V001_20_dep",0.0,0.0,1.0,1.0
11,e367,"V001_20, V001_21",0.0,0.0,7.0,6.0
11,e368,"V007_19_dep, V002_57_arr",0.0,0.0,3.0,3.0
11,e369,"V007_19_arr, V007_19",0.0,0.0,1.0,1.0
11,e370,"V007_20, V007_20_dep",0.0,0.0,2.0,2.0
11,e371,"V007_20, V007_21",0.0,0.0,6.0,4.0
11,e372,"V004_20_dep, V001_28_arr",0.0,0.0,5.0,5.0
11,e373,"V004_20_arr, V004_20",0.0,0.0,1.0,1.0
11,e374,"V004_21, V004_21_dep",0.0,0.0,5.0,4.0
11,e375,"V004_21, V004_22",0.0,0.0,7.0,7.0
11,e376,"V002_20_dep, V007_58_arr",0.0,0.0,3.0,3.0
11,e377,"V002_20_arr, V002_20",0.0,0.0,1.0,1.0
11,e378,"V002_21, V002_21_dep",0.0,0.0,5.0,5.0
11,e379,"V002_21, V002_22",0.0,0.0,7.0,6.0
11,e380,"V003_20_arr, V003_20",0.0,0.0,2.0,2.0
11,e381,"V003_21, V003_21_dep",0.0,0.0,1.0,1.0
11,e382,"V003_21, V003_22",0.0,0.0,8.0,8.0
11,e383,"V001_20_dep, V003_24_arr",0.0,0.0,5.0,5.0
11,e384,"V001_20_arr, V001_20",0.0,0.0,2.0,2.0
11,e385,"V001_21, V001_21_dep",0.0,0.0,1.0,1.0
11,e386,"V001_21, V001_22",0.0,0.0,7.0,6.0
11,e387,"V007_20_dep, V002_58_arr",0.0,0.0,3.0,3.0
11,e388,"V007_20_arr, V007_20",0.0,0.0,1.0,1.0
11,e389,"V007_21, V007_21_dep",0.0,0.0,2.0,2.0
11,e390,"V007_21, V007_22",0.0,0.0,6.0,4.0
11,e391,"V004_21_dep, V001_29_arr",0.0,0.0,5.0,4.0
11,e392,"V004_21_arr, V004_21",0.0,0.0,1.0,1.0
11,e393,"V004_22, V004_22_dep",0.0,0.0,5.0,5.0
11,e394,"V004_22, V004_23",0.0,0.0,7.0,7.0
11,e395,"V002_21_dep, V007_59_arr",0.0,0.0,3.0,3.0
11,e396,"V002_21_arr, V002_21",0.0,0.0,1.0,1.0
11,e397,"V002_22, V002_22_dep",0.0,0.0,5.0,5.0
11,e398,"V002_22, V002_23",0.0,0.0,7.0,6.0
11,e399,"V003_21_arr, V003_21",0.0,0.0,2.0,2.0
11,e400,"V003_22, V003_22_dep",0.0,0.0,1.0,1.0
11,e401,"V003_22, V003_23",0.0,0.0,8.0,8.0
11,e402,"V001_21_dep, V003_25_arr",0.0,0.0,5.0,5.0
11,e403,"V001_21_arr, V001_21",0.0,0.0,2.0,2.0
11,e404,"V001_22, V001_22_dep",0.0,0.0,1.0,1.0
11,e405,"V001_22, V001_23",0.0,0.0,7.0,6.0
11,e406,"V007_21_dep, V002_59_arr",0.0,0.0,3.0,3.0
11,e407,"V007_21_arr, V007_21",0.0,0.0,1.0,1.0
11,e408,"V007_22, V007_22_dep",0.0,0.0,2.0,1.0
11,e409,"V007_22, V007_23",0.0,0.0,6.0,5.0
11,e410,"V004_22_dep, V001_30_arr",0.0,0.0,5.0,5.0
11,e411,"V004_22_arr, V004_22",0.0,0.0,1.0,1.0
11,e412,"V004_23, V004_23_dep",0.0,0.0,5.0,5.0
11,e413,"V004_23, V004_24",0.0,0.0,7.0,7.0
11,e414,"V002_22_dep, V007_60_arr",0.0,0.0,3.0,3.0
11,e415,"V002_22_arr, V002_22",0.0,0.0,1.0,1.0
11,e416,"V002_23, V002_23_dep",0.0,0.0,5.0,5.0
11,e417,"V002_23, V002_24",0.0,0.0,7.0,6.0
11,e418,"V003_22_arr, V003_22",0.0,0.0,2.0,2.0
11,e419,"V003_23, V003_23_dep",0.0,0.0,1.0,1.0
11,e420,"V003_23, V003_24",0.0,0.0,8.0,8.0
11,e421,"V001_22_dep, V003_26_arr",0.0,0.0,5.0,5.0
11,e422,"V001_22_arr, V001_22",0.0,0.0,2.0,2.0
11,e423,"V001_23, V001_23_dep",10.399162672003511,10.399162672003511,1.0,0.0
11,e424,"V001_23, V001_24",0.0,0.0,7.0,7.0
11,e425,"V007_22_dep, V002_60_arr",0.0,0.0,3.0,2.0
11,e426,"V007_22_arr, V007_22",0.0,0.0,1.0,1.0
11,e427,"V007_23, V007_23_dep",0.0,0.0,2.0,2.0
11,e428,"V007_23, V007_24",0.0,0.0,6.0,5.0
11,e429,"V004_23_dep, V001_31_arr",0.0,0.0,5.0,5.0
11,e430,"V004_23_arr, V004_23",0.0,0.0,1.0,1.0
11,e431,"V004_24, V004_24_dep",0.0,0.0,5.0,5.0
11,e432,"V004_24, V004_25",0.0,0.0,7.0,7.0
11,e433,"V002_23_dep, V007_61_arr",0.0,0.0,3.0,3.0
11,e434,"V002_23_arr, V002_23",0.0,0.0,1.0,1.0
11,e435,"V002_24, V002_24_dep",0.0,0.0,5.0,5.0
11,e436,"V002_24, V002_25",0.0,0.0,7.0,6.0
11,e437,"V003_23_arr, V003_23",0.0,0.0,2.0,2.0
11,e438,"V003_24, V003_24_dep",0.0,0.0,1.0,1.0
11,e439,"V003_24, V003_25",0.0,0.0,8.0,8.0
11,e440,"V001_23_dep, V003_27_arr",0.0,0.0,5.0,4.0
11,e441,"V001_23_arr, V001_23",0.0,0.0,2.0,2.0
11,e442,"V001_24, V001_24_dep",4.789733531081682,4.789733531081682,1.0,1.0
11,e443,"V001_24, V001_25",0.0,0.0,7.0,7.0
11,e444,"V007_23_dep, V002_61_arr",0.0,0.0,3.0,3.0
11,e445,"V007_23_arr, V007_23",0.0,0.0,1.0,1.0
11,e446,"V007_24, V007_24_dep",0.0,0.0,2.0,2.0
11,e447,"V007_24, V007_25",0.0,0.0,6.0,5.0
11,e448,"V004_24_dep, V001_32_arr",0.0,0.0,5.0,5.0
11,e449,"V004_24_arr, V004_24",0.0,0.0,1.0,1.0
11,e450,"V004_25, V004_25_dep",0.0,0.0,5.0,5.0
11,e451,"V004_25, V004_26",0.0,0.0,7.0,7.0
11,e452,"V002_24_dep, V007_62_arr",0.0,0.0,3.0,3.0
11,e453,"V002_24_arr, V002_24",0.0,0.0,1.0,1.0
11,e454,"V002_25, V002_25_dep",0.0,0.0,5.0,5.0
11,e455,"V002_25, V002_26",0.0,0.0,7.0,6.0
11,e456,"V003_24_arr, V003_24",0.0,0.0,2.0,2.0
11,e457,"V003_25, V003_25_dep",0.0,0.0,1.0,1.0
11,e458,"V003_25, V003_26",0.0,0.0,8.0,8.0
11,e459,"V001_24_dep, V003_28_arr",0.0,0.0,5.0,5.0
11,e460,"V001_24_arr, V001_24",0.0,0.0,2.0,2.0
11,e461,"V001_25, V001_25_dep",0.9909877507322746,0.9909877507322746,1.0,1.0
11,e462,"V001_25, V001_26",0.0,0.0,7.0,7.0
11,e463,"V007_24_dep, V002_62_arr",0.0,0.0,3.0,3.0
11,e464,"V007_24_arr, V007_24",0.0,0.0,1.0,1.0
11,e465,"V007_25, V007_25_dep",0.0,0.0,2.0,2.0
11,e466,"V007_25, V007_26",0.0,0.0,6.0,5.0
11,e467,"V004_25_dep, V001_33_arr",0.0,0.0,5.0,5.0
11,e468,"V004_25_arr, V004_25",0.0,0.0,1.0,1.0
11,e469,"V004_26, V004_26_dep",0.0,0.0,5.0,5.0
11,e470,"V004_26, V004_27",0.0,0.0,7.0,7.0
11,e471,"V002_25_dep, V007_63_arr",0.0,0.0,3.0,3.0
11,e472,"V002_25_arr, V002_25",0.0,0.0,1.0,1.0
11,e473,"V002_26, V002_26_dep",0.0,0.0,5.0,5.0
11,e474,"V002_26, V002_27",0.0,0.0,7.0,6.0
11,e475,"V003_25_arr, V003_25",0.0,0.0,2.0,2.0
11,e476,"V003_26, V003_26_dep",0.0,0.0,1.0,1.0
11,e477,"V003_26, V003_27",0.0,0.0,8.0,8.0
11,e478,"V001_25_dep, V003_29_arr",0.0,0.0,5.0,5.0
11,e479,"V001_25_arr, V001_25",0.0,0.0,2.0,2.0
11,e480,"V001_26, V001_26_dep",0.0,0.0,1.0,1.0
11,e481,"V001_26, V001_27",0.0,0.0,7.0,7.0
11,e482,"V007_25_dep, V002_63_arr",0.0,0.0,3.0,3.0
11,e483,"V007_25_arr, V007_25",0.0,0.0,1.0,1.0
11,e484,"V007_26, V007_26_dep",0.0,0.0,2.0,2.0
11,e485,"V007_26, V007_27",0.0,0.0,6.0,5.0
11,e486,"V004_26_dep, V001_34_arr",0.0,0.0,5.0,5.0
11,e487,"V004_26_arr, V004_26",0.0,0.0,1.0,1.0
11,e488,"V004_27, V004_27_dep",0.0,0.0,5.0,5.0
11,e489,"V004_27, V004_28",0.0,0.0,7.0,7.0
11,e490,"V002_26_dep, V007_64_arr",0.0,0.0,3.0,3.0
11,e491,"V002_26_arr, V002_26",0.0,0.0,1.0,1.0
11,e492,"V002_27, V002_27_dep",0.0,0.0,5.0,5.0
11,e493,"V002_27, V002_28",0.0,0.0,7.0,6.0
11,e494,"V003_26_arr, V003_26",0.0,0.0,2.0,2.0
11,e495,"V003_27, V003_27_dep",0.0,0.0,1.0,1.0
11,e496,"V003_27, V003_28",0.0,0.0,8.0,7.0
11,e497,"V001_26_dep, V003_30_arr",0.0,0.0,5.0,5.0
11,e498,"V001_26_arr, V001_26",0.0,0.0,2.0,2.0
11,e499,"V001_27, V001_27_dep",0.0,0.0,1.0,1.0
11,e500,"V001_27, V001_28",0.0,0.0,7.0,7.0
11,e501,"V007_26_dep, V002_64_arr",0.0,0.0,3.0,3.0
11,e502,"V007_26_arr, V007_26",0.0,0.0,1.0,1.0
11,e503,"V007_27, V007_27_dep",0.0,0.0,2.0,2.0
11,e504,"V007_27, V007_28",0.0,0.0,6.0,5.0
11,e505,"V004_27_dep, V001_35_arr",0.0,0.0,5.0,5.0
11,e506,"V004_27_arr, V004_27",0.0,0.0,1.0,1.0
11,e507,"V004_28, V004_28_dep",0.0,0.0,5.0,5.0
11,e508,"V004_28, V004_29",0.0,0.0,7.0,7.0
11,e509,"V002_27_dep, V007_65_arr",0.0,0.0,3.0,3.0
11,e510,"V002_27_arr, V002_27",0.0,0.0,1.0,1.0
11,e511,"V002_28, V002_28_dep",0.0,0.0,5.0,5.0
11,e512,"V002_28, V002_29",0.0,0.0,7.0,6.0
11,e513,"V003_27_arr, V003_27",0.0,0.0,2.0,1.0
11,e514,"V003_28, V003_28_dep",0.0,0.0,1.0,1.0
11,e515,"V003_28, V003_29",0.0,0.0,8.0,7.0
11,e516,"V001_27_dep, V003_31_arr",0.0,0.0,5.0,5.0
11,e517,"V001_27_arr, V001_27",0.0,0.0,2.0,2.0
11,e518,"V001_28, V001_28_dep",0.0,0.0,1.0,1.0
11,e519,"V001_28, V001_29",0.0,0.0,7.0,7.0
11,e520,"V007_27_dep, V002_65_arr",0.0,0.0,3.0,3.0
11,e521,"V007_27_arr, V007_27",0.0,0.0,1.0,1.0
11,e522,"V007_28, V007_28_dep",0.0,0.0,2.0,2.0
11,e523,"V007_28, V007_29",0.0,0.0,6.0,5.0
11,e524,"V004_28_dep, V001_36_arr",0.0,0.0,5.0,5.0
11,e525,"V004_28_arr, V004_28",0.0,0.0,1.0,1.0
11,e526,"V004_29, V004_29_dep",0.0,0.0,5.0,5.0
11,e527,"V004_29, V004_30",0.0,0.0,7.0,7.0
11,e528,"V002_28_dep, V007_66_arr",0.0,0.0,3.0,3.0
11,e529,"V002_28_arr, V002_28",0.0,0.0,1.0,1.0
11,e530,"V002_29, V002_29_dep",0.0,0.0,5.0,5.0
11,e531,"V002_29, V002_30",0.0,0.0,7.0,6.0
11,e532,"V003_28_arr, V003_28",0.0,0.0,2.0,2.0
11,e533,"V003_29, V003_29_dep",0.0,0.0,1.0,1.0
11,e534,"V003_29, V003_30",0.0,0.0,8.0,7.0
11,e535,"V001_28_dep, V003_32_arr",0.0,0.0,5.0,5.0
11,e536,"V001_28_arr, V001_28",0.0,0.0,2.0,2.0
11,e537,"V001_29, V001_29_dep",0.0,0.0,1.0,1.0
11,e538,"V001_29, V001_30",0.0,0.0,7.0,6.0
11,e539,"V007_28_dep, V002_66_arr",0.0,0.0,3.0,3.0
11,e540,"V007_28_arr, V007_28",0.0,0.0,1.0,1.0
11,e541,"V007_29, V007_29_dep",0.0,0.0,2.0,2.0
11,e542,"V007_29, V007_30",0.0,0.0,6.0,5.0
11,e543,"V004_29_dep, V001_37_arr",0.0,0.0,5.0,5.0
11,e544,"V004_29_arr, V004_29",0.0,0.0,1.0,1.0
11,e545,"V004_30, V004_30_dep",0.0,0.0,5.0,5.0
11,e546,"V004_30, V004_31",0.0,0.0,7.0,7.0
11,e547,"V002_29_dep, V007_67_arr",0.0,0.0,3.0,3.0
11,e548,"V002_29_arr, V002_29",0.0,0.0,1.0,1.0
11,e549,"V002_30, V002_30_dep",0.0,0.0,5.0,5.0
11,e550,"V002_30, V002_31",0.0,0.0,7.0,6.0
11,e551,"V003_29_arr, V003_29",0.0,0.0,2.0,2.0
11,e552,"V003_30, V003_30_dep",0.0,0.0,1.0,1.0
11,e553,"V003_30, V003_31",0.0,0.0,8.0,7.0
11,e554,"V001_29_dep, V003_33_arr",0.0,0.0,5.0,5.0
11,e555,"V001_29_arr, V001_29",1.9493880701485844,1.9493880701485844,2.0,1.0
11,e556,"V001_30, V001_30_dep",0.0,0.0,1.0,1.0
11,e557,"V001_30, V001_31",0.0,0.0,7.0,6.0
11,e558,"V007_29_dep, V002_67_arr",0.0,0.0,3.0,3.0
11,e559,"V007_29_arr, V007_29",0.0,0.0,1.0,1.0
11,e560,"V007_30, V007_30_dep",0.0,0.0,2.0,2.0
11,e561,"V007_30, V007_31",0.0,0.0,6.0,5.0
11,e562,"V004_30_dep, V001_38_arr",0.0,0.0,5.0,5.0
11,e563,"V004_30_arr, V004_30",0.0,0.0,1.0,1.0
11,e564,"V004_31, V004_31_dep",0.0,0.0,5.0,5.0
11,e565,"V004_31, V004_32",0.0,0.0,7.0,7.0
11,e566,"V002_30_dep, V007_68_arr",0.0,0.0,3.0,3.0
11,e567,"V002_30_arr, V002_30",0.0,0.0,1.0,1.0
11,e568,"V002_31, V002_31_dep",0.0,0.0,5.0,5.0
11,e569,"V002_31, V002_32",0.0,0.0,7.0,6.0
11,e570,"V003_30_arr, V003_30",0.0,0.0,2.0,2.0
11,e571,"V003_31, V003_31_dep",0.0,0.0,1.0,1.0
11,e572,"V003_31, V003_32",0.0,0.0,8.0,7.0
11,e573,"V001_30_dep, V003_34_arr",0.0,0.0,5.0,5.0
11,e574,"V001_30_arr, V001_30",0.0,0.0,2.0,2.0
11,e575,"V001_31, V001_31_dep",0.0,0.0,1.0,1.0
11,e576,"V001_31, V001_32",0.0,0.0,7.0,6.0
11,e577,"V007_30_dep, V002_68_arr",0.0,0.0,3.0,3.0
11,e578,"V007_30_arr, V007_30",0.0,0.0,1.0,1.0
11,e579,"V007_31, V007_31_dep",0.0,0.0,2.0,2.0
11,e580,"V007_31, V007_32",0.0,0.0,6.0,5.0
11,e581,"V004_31_dep, V001_39_arr",0.0,0.0,5.0,5.0
11,e582,"V004_31_arr, V004_31",0.0,0.0,1.0,1.0
11,e583,"V004_32, V004_32_dep",0.0,0.0,5.0,5.0
11,e584,"V004_32, V004_33",0.0,0.0,7.0,7.0
11,e585,"V002_31_dep, V007_69_arr",0.0,0.0,3.0,3.0
11,e586,"V002_31_arr, V002_31",0.0,0.0,1.0,1.0
11,e587,"V002_32, V002_32_dep",0.0,0.0,5.0,5.0
11,e588,"V002_32, V002_33",0.0,0.0,7.0,6.0
11,e589,"V003_31_arr, V003_31",0.0,0.0,2.0,2.0
11,e590,"V003_32, V003_32_dep",0.0,0.0,1.0,1.0
11,e591,"V003_32, V003_33",0.0,0.0,8.0,7.0
11,e592,"V001_31_dep, V003_35_arr",0.0,0.0,5.0,5.0
11,e593,"V001_31_arr, V001_31",0.0,0.0,2.0,2.0
11,e594,"V001_32, V001_32_dep",0.0,0.0,1.0,1.0
11,e595,"V001_32, V001_33",0.0,0.0,7.0,6.0
11,e596,"V007_31_dep, V002_69_arr",0.0,0.0,3.0,3.0
11,e597,"V007_31_arr, V007_31",0.0,0.0,1.0,1.0
11,e598,"V007_32, V007_32_dep",0.0,0.0,2.0,2.0
11,e599,"V007_32, V007_33",0.0,0.0,6.0,5.0
11,e600,"V004_32_dep, V001_40_arr",0.0,0.0,5.0,5.0
11,e601,"V004_32_arr, V004_32",0.0,0.0,1.0,1.0
11,e602,"V004_33, V004_33_dep",0.0,0.0,5.0,5.0
11,e603,"V004_33, V004_34",0.0,0.0,7.0,7.0
11,e604,"V002_32_dep, V007_70_arr",0.0,0.0,3.0,3.0
11,e605,"V002_32_arr, V002_32",0.0,0.0,1.0,1.0
11,e606,"V002_33, V002_33_dep",0.0,0.0,5.0,5.0
11,e607,"V002_33, V002_34",0.0,0.0,7.0,6.0
11,e608,"V003_32_arr, V003_32",0.0,0.0,2.0,2.0
11,e609,"V003_33, V003_33_dep",0.0,0.0,1.0,1.0
11,e610,"V003_33, V003_34",0.0,0.0,8.0,7.0
11,e611,"V001_32_dep, V003_36_arr",0.0,0.0,5.0,5.0
11,e612,"V001_32_arr, V001_32",0.0,0.0,2.0,2.0
11,e613,"V001_33, V001_33_dep",0.0,0.0,1.0,1.0
11,e614,"V001_33, V001_34",0.0,0.0,7.0,6.0
11,e615,"V007_32_dep, V002_70_arr",0.0,0.0,3.0,3.0
11,e616,"V007_32_arr, V007_32",0.0,0.0,1.0,1.0
11,e617,"V007_33, V007_33_dep",0.0,0.0,2.0,2.0
11,e618,"V007_33, V007_34",0.0,0.0,6.0,5.0
11,e619,"V004_33_dep, V001_41_arr",0.0,0.0,5.0,5.0
11,e620,"V004_33_arr, V004_33",0.0,0.0,1.0,1.0
11,e621,"V004_34, V004_34_dep",0.0,0.0,5.0,5.0
11,e622,"V004_34, V004_35",0.0,0.0,7.0,7.0
11,e623,"V002_33_dep, V007_71_arr",0.0,0.0,3.0,3.0
11,e624,"V002_33_arr, V002_33",0.0,0.0,1.0,1.0
11,e625,"V002_34, V002_34_dep",0.0,0.0,5.0,5.0
11,e626,"V002_34, V002_35",0.0,0.0,7.0,6.0
11,e627,"V003_33_arr, V003_33",0.0,0.0,2.0,2.0
11,e628,"V003_34, V003_34_dep",0.0,0.0,1.0,1.0
11,e629,"V003_34, V003_35",0.0,0.0,8.0,7.0
11,e630,"V001_33_dep, V003_37_arr",0.0,0.0,5.0,5.0
11,e631,"V001_33_arr, V001_33",0.0,0.0,2.0,2.0
11,e632,"V001_34, V001_34_dep",0.0,0.0,1.0,1.0
11,e633,"V001_34, V001_35",0.0,0.0,7.0,6.0
11,e634,"V007_33_dep, V002_71_arr",0.0,0.0,3.0,3.0
11,e635,"V007_33_arr, V007_33",0.0,0.0,1.0,1.0
11,e636,"V007_34, V007_34_dep",0.0,0.0,2.0,2.0
11,e637,"V007_34, V007_35",0.0,0.0,6.0,5.0
11,e638,"V004_34_dep, V001_42_arr",0.0,0.0,5.0,5.0
11,e639,"V004_34_arr, V004_34",0.0,0.0,1.0,1.0
11,e640,"V004_35, V004_35_dep",0.0,0.0,5.0,5.0
11,e641,"V004_35, V004_36",0.0,0.0,7.0,7.0
11,e642,"V002_34_dep, V007_72_arr",0.0,0.0,3.0,3.0
11,e643,"V002_34_arr, V002_34",0.0,0.0,1.0,1.0
11,e644,"V002_35, V002_35_dep",0.0,0.0,5.0,5.0
11,e645,"V002_35, V002_36",0.0,0.0,7.0,6.0
11,e646,"V003_34_arr, V003_34",0.0,0.0,2.0,2.0
11,e647,"V003_35, V003_35_dep",0.0,0.0,1.0,1.0
11,e648,"V003_35, V003_36",0.0,0.0,8.0,7.0
11,e649,"V001_34_dep, V003_38_arr",0.0,0.0,5.0,5.0
11,e650,"V001_34_arr, V001_34",0.0,0.0,2.0,2.0
11,e651,"V001_35, V001_35_dep",0.0,0.0,1.0,1.0
11,e652,"V001_35, V001_36",0.0,0.0,7.0,6.0
11,e653,"V007_34_dep, V002_72_arr",0.0,0.0,3.0,3.0
11,e654,"V007_34_arr, V007_34",0.0,0.0,1.0,1.0
11,e655,"V007_35, V007_35_dep",0.0,0.0,2.0,2.0
11,e656,"V007_35, V007_36",0.0,0.0,6.0,5.0
11,e657,"V004_35_dep, V001_43_arr",0.0,0.0,5.0,5.0
11,e658,"V004_35_arr, V004_35",0.0,0.0,1.0,1.0
11,e659,"V004_36, V004_36_dep",0.0,0.0,5.0,5.0
11,e660,"V004_36, V004_37",0.0,0.0,7.0,7.0
11,e661,"V002_35_dep, V007_73_arr",0.0,0.0,3.0,3.0
11,e662,"V002_35_arr, V002_35",0.0,0.0,1.0,1.0
11,e663,"V002_36, V002_36_dep",0.0,0.0,5.0,5.0
11,e664,"V002_36, V002_37",0.0,0.0,7.0,6.0
11,e665,"V003_35_arr, V003_35",0.0,0.0,2.0,2.0
11,e666,"V003_36, V003_36_dep",0.0,0.0,1.0,1.0
11,e667,"V003_36, V003_37",0.0,0.0,8.0,7.0
11,e668,"V001_35_dep, V003_39_arr",0.0,0.0,5.0,5.0
11,e669,"V001_35_arr, V001_35",0.0,0.0,2.0,2.0
11,e670,"V001_36, V001_36_dep",0.0,0.0,1.0,1.0
11,e671,"V001_36, V001_37",0.0,0.0,7.0,6.0
11,e672,"V007_35_dep, V002_73_arr",0.0,0.0,3.0,3.0
11,e673,"V007_35_arr, V007_35",0.0,0.0,1.0,1.0
11,e674,"V007_36, V007_36_dep",0.0,0.0,2.0,2.0
11,e675,"V007_36, V007_37",0.0,0.0,6.0,5.0
11,e676,"V004_36_dep, V001_44_arr",0.0,0.0,5.0,5.0
11,e677,"V004_36_arr, V004_36",0.0,0.0,1.0,1.0
11,e678,"V004_37, V004_37_dep",0.0,0.0,5.0,5.0
11,e679,"V004_37, V004_38",0.0,0.0,7.0,7.0
11,e680,"V002_36_dep, V007_74_arr",0.0,0.0,3.0,3.0
11,e681,"V002_36_arr, V002_36",0.0,0.0,1.0,1.0
11,e682,"V002_37, V002_37_dep",0.0,0.0,5.0,5.0
11,e683,"V002_37, V002_38",0.0,0.0,7.0,6.0
11,e684,"V003_36_arr, V003_36",0.0,0.0,2.0,2.0
11,e685,"V003_37, V003_37_dep",0.0,0.0,1.0,1.0
11,e686,"V003_37, V003_38",0.0,0.0,8.0,7.0
11,e687,"V001_36_dep, V003_40_arr",0.0,0.0,5.0,5.0
11,e688,"V001_36_arr, V001_36",0.0,0.0,2.0,2.0
11,e689,"V001_37, V001_37_dep",0.0,0.0,1.0,1.0
11,e690,"V001_37, V001_38",0.0,0.0,7.0,6.0
11,e691,"V007_36_dep, V002_74_arr",0.0,0.0,3.0,3.0
11,e692,"V007_36_arr, V007_36",0.0,0.0,1.0,1.0
11,e693,"V007_37, V007_37_dep",0.0,0.0,2.0,2.0
11,e694,"V007_37, V007_38",0.0,0.0,6.0,5.0
11,e695,"V004_37_dep, V001_45_arr",0.0,0.0,5.0,5.0
11,e696,"V004_37_arr, V004_37",0.0,0.0,1.0,1.0
11,e697,"V004_38, V004_38_dep",0.0,0.0,5.0,5.0
11,e698,"V004_38, V004_39",0.0,0.0,7.0,7.0
11,e699,"V002_37_dep, V007_75_arr",0.0,0.0,3.0,3.0
11,e700,"V002_37_arr, V002_37",0.0,0.0,1.0,1.0
11,e701,"V002_38, V002_38_dep",0.0,0.0,5.0,5.0
11,e702,"V002_38, V002_39",0.0,0.0,7.0,6.0
11,e703,"V003_37_arr, V003_37",0.0,0.0,2.0,2.0
11,e704,"V003_38, V003_38_dep",0.0,0.0,1.0,1.0
11,e705,"V003_38, V003_39",0.0,0.0,8.0,7.0
11,e706,"V001_37_dep, V003_41_arr",0.0,0.0,5.0,5.0
11,e707,"V001_37_arr, V001_37",0.0,0.0,2.0,2.0
11,e708,"V001_38, V001_38_dep",0.0,0.0,1.0,1.0
11,e709,"V001_38, V001_39",0.0,0.0,7.0,6.0
11,e710,"V007_37_dep, V002_75_arr",0.0,0.0,3.0,3.0
11,e711,"V007_37_arr, V007_37",0.0,0.0,1.0,1.0
11,e712,"V007_38, V007_38_dep",0.0,0.0,2.0,2.0
11,e713,"V007_38, V007_39",0.0,0.0,6.0,5.0
11,e714,"V004_38_dep, V001_46_arr",0.0,0.0,5.0,5.0
11,e715,"V004_38_arr, V004_38",0.0,0.0,1.0,1.0
11,e716,"V004_39, V004_39_dep",0.0,0.0,5.0,5.0
11,e717,"V004_39, V004_40",0.0,0.0,7.0,7.0
11,e718,"V002_38_dep, V007_76_arr",0.0,0.0,3.0,3.0
11,e719,"V002_38_arr, V002_38",0.0,0.0,1.0,1.0
11,e720,"V002_39, V002_39_dep",0.0,0.0,5.0,5.0
11,e721,"V002_39, V002_40",0.0,0.0,7.0,6.0
11,e722,"V003_38_arr, V003_38",0.0,0.0,2.0,2.0
11,e723,"V003_39, V003_39_dep",0.0,0.0,1.0,1.0
11,e724,"V003_39, V003_40",0.0,0.0,8.0,7.0
11,e725,"V001_38_dep, V003_42_arr",0.0,0.0,5.0,5.0
11,e726,"V001_38_arr, V001_38",0.0,0.0,2.0,2.0
11,e727,"V001_39, V001_39_dep",0.0,0.0,1.0,1.0
11,e728,"V001_39, V001_40",0.0,0.0,7.0,6.0
11,e729,"V007_38_dep, V002_76_arr",0.0,0.0,3.0,3.0
11,e730,"V007_38_arr, V007_38",0.0,0.0,1.0,1.0
11,e731,"V007_39, V007_39_dep",0.0,0.0,2.0,2.0
11,e732,"V007_39, V007_40",0.0,0.0,6.0,5.0
11,e733,"V004_39_dep, V001_47_arr",0.0,0.0,5.0,5.0
11,e734,"V004_39_arr, V004_39",0.0,0.0,1.0,1.0
11,e735,"V004_40, V004_40_dep",0.0,0.0,5.0,5.0
11,e736,"V004_40, V004_41",0.0,0.0,7.0,7.0
11,e737,"V002_39_dep, V007_77_arr",0.0,0.0,3.0,3.0
11,e738,"V002_39_arr, V002_39",0.0,0.0,1.0,1.0
11,e739,"V002_40, V002_40_dep",0.0,0.0,5.0,5.0
11,e740,"V002_40, V002_41",0.0,0.0,7.0,6.0
11,e741,"V003_39_arr, V003_39",0.0,0.0,2.0,2.0
11,e742,"V003_40, V003_40_dep",0.0,0.0,1.0,1.0
11,e743,"V003_40, V003_41",0.0,0.0,8.0,7.0
11,e744,"V001_39_dep, V003_43_arr",0.0,0.0,5.0,5.0
11,e745,"V001_39_arr, V001_39",0.0,0.0,2.0,2.0
11,e746,"V001_40, V001_40_dep",0.0,0.0,1.0,1.0
11,e747,"V001_40, V001_41",0.0,0.0,7.0,6.0
11,e748,"V007_39_dep, V002_77_arr",0.0,0.0,3.0,3.0
11,e749,"V007_39_arr, V007_39",0.0,0.0,1.0,1.0
11,e750,"V007_40, V007_40_dep",0.0,0.0,2.0,2.0
11,e751,"V007_40, V007_41",0.0,0.0,6.0,5.0
11,e752,"V004_40_dep, V001_48_arr",0.0,0.0,5.0,5.0
11,e753,"V004_40_arr, V004_40",0.0,0.0,1.0,1.0
11,e754,"V004_41, V004_41_dep",0.0,0.0,5.0,5.0
11,e755,"V004_41, V004_42",0.0,0.0,7.0,7.0
11,e756,"V002_40_dep, V007_78_arr",0.0,0.0,3.0,3.0
11,e757,"V002_40_arr, V002_40",0.0,0.0,1.0,1.0
11,e758,"V002_41, V002_41_dep",0.0,0.0,5.0,5.0
11,e759,"V002_41, V002_42",0.0,0.0,7.0,6.0
11,e760,"V003_40_arr, V003_40",0.0,0.0,2.0,2.0
11,e761,"V003_41, V003_41_dep",0.0,0.0,1.0,1.0
11,e762,"V003_41, V003_42",0.0,0.0,8.0,7.0
11,e763,"V001_40_dep, V003_44_arr",0.0,0.0,5.0,5.0
11,e764,"V001_40_arr, V001_40",0.0,0.0,2.0,2.0
11,e765,"V001_41, V001_41_dep",0.0,0.0,1.0,1.0
11,e766,"V001_41, V001_42",0.0,0.0,7.0,6.0
11,e767,"V007_40_dep, V002_78_arr",0.0,0.0,3.0,3.0
11,e768,"V007_40_arr, V007_40",0.0,0.0,1.0,1.0
11,e769,"V007_41, V007_41_dep",0.0,0.0,2.0,2.0
11,e770,"V007_41, V007_42",0.0,0.0,6.0,5.0
11,e771,"V004_41_dep, V001_49_arr",0.0,0.0,5.0,5.0
11,e772,"V004_41_arr, V004_41",0.0,0.0,1.0,1.0
11,e773,"V004_42, V004_42_dep",0.0,0.0,5.0,5.0
11,e774,"V004_42, V004_43",0.0,0.0,7.0,7.0
11,e775,"V002_41_dep, V007_79_arr",0.0,0.0,3.0,3.0
11,e776,"V002_41_arr, V002_41",0.0,0.0,1.0,1.0
11,e777,"V002_42, V002_42_dep",0.0,0.0,5.0,5.0
11,e778,"V002_42, V002_43",0.0,0.0,7.0,6.0
11,e779,"V003_41_arr, V003_41",0.0,0.0,2.0,2.0
11,e780,"V003_42, V003_42_dep",0.0,0.0,1.0,1.0
11,e781,"V003_42, V003_43",0.0,0.0,8.0,7.0
11,e782,"V001_41_dep, V003_45_arr",0.0,0.0,5.0,5.0
11,e783,"V001_41_arr, V001_41",0.0,0.0,2.0,2.0
11,e784,"V001_42, V001_42_dep",0.0,0.0,1.0,1.0
11,e785,"V001_42, V001_43",0.0,0.0,7.0,6.0
11,e786,"V007_41_dep, V002_79_arr",0.0,0.0,3.0,3.0
11,e787,"V007_41_arr, V007_41",0.0,0.0,1.0,1.0
11,e788,"V007_42, V007_42_dep",0.0,0.0,2.0,2.0
11,e789,"V007_42, V007_43",0.0,0.0,6.0,5.0
11,e790,"V004_42_dep, V001_50_arr",0.0,0.0,5.0,5.0
11,e791,"V004_42_arr, V004_42",0.0,0.0,1.0,1.0
11,e792,"V004_43, V004_43_dep",0.0,0.0,5.0,5.0
11,e793,"V004_43, V004_44",0.0,0.0,7.0,7.0
11,e794,"V002_42_dep, V007_80_arr",0.0,0.0,3.0,3.0
11,e795,"V002_42_arr, V002_42",0.0,0.0,1.0,1.0
11,e796,"V002_43, V002_43_dep",0.0,0.0,5.0,5.0
11,e797,"V002_43, V002_44",0.0,0.0,7.0,6.0
11,e798,"V003_42_arr, V003_42",0.0,0.0,2.0,2.0
11,e799,"V003_43, V003_43_dep",0.0,0.0,1.0,1.0
11,e800,"V003_43, V003_44",0.0,0.0,8.0,7.0
11,e801,"V001_42_dep, V003_46_arr",0.0,0.0,5.0,5.0
11,e802,"V001_42_arr, V001_42",0.0,0.0,2.0,2.0
11,e803,"V001_43, V001_43_dep",0.0,0.0,1.0,1.0
11,e804,"V001_43, V001_44",0.0,0.0,7.0,6.0
11,e805,"V007_42_dep, V002_80_arr",0.0,0.0,3.0,3.0
11,e806,"V007_42_arr, V007_42",0.0,0.0,1.0,1.0
11,e807,"V007_43, V007_43_dep",0.0,0.0,2.0,2.0
11,e808,"V007_43, V007_44",0.0,0.0,6.0,5.0
11,e809,"V004_43_dep, V001_51_arr",0.0,0.0,5.0,5.0
11,e810,"V004_43_arr, V004_43",0.0,0.0,1.0,1.0
11,e811,"V004_44, V004_44_dep",0.0,0.0,5.0,5.0
11,e812,"V004_44, V004_45",0.0,0.0,7.0,7.0
11,e813,"V002_43_dep, V007_81_arr",0.0,0.0,3.0,3.0
11,e814,"V002_43_arr, V002_43",0.0,0.0,1.0,1.0
11,e815,"V002_44, V002_44_dep",0.0,0.0,5.0,5.0
11,e816,"V002_44, V002_45",0.0,0.0,7.0,6.0
11,e817,"V003_43_arr, V003_43",0.0,0.0,2.0,2.0
11,e818,"V003_44, V003_44_dep",0.0,0.0,1.0,1.0
11,e819,"V003_44, V003_45",0.0,0.0,8.0,7.0
11,e820,"V001_43_dep, V003_47_arr",0.0,0.0,5.0,5.0
11,e821,"V001_43_arr, V001_43",0.0,0.0,2.0,2.0
11,e822,"V001_44, V001_44_dep",0.0,0.0,1.0,1.0
11,e823,"V001_44, V001_45",0.0,0.0,7.0,6.0
11,e824,"V007_43_dep, V002_81_arr",0.0,0.0,3.0,3.0
11,e825,"V007_43_arr, V007_43",0.0,0.0,1.0,1.0
11,e826,"V007_44, V007_44_dep",0.0,0.0,2.0,2.0
11,e827,"V007_44, V007_45",0.0,0.0,6.0,5.0
11,e828,"V004_44_dep, V001_52_arr",0.0,0.0,5.0,5.0
11,e829,"V004_44_arr, V004_44",0.0,0.0,1.0,1.0
11,e830,"V004_45, V004_45_dep",0.0,0.0,5.0,5.0
11,e831,"V004_45, V004_46",0.0,0.0,7.0,7.0
11,e832,"V002_44_dep, V007_82_arr",0.0,0.0,3.0,3.0
11,e833,"V002_44_arr, V002_44",0.0,0.0,1.0,1.0
11,e834,"V002_45, V002_45_dep",0.0,0.0,5.0,5.0
11,e835,"V002_45, V002_46",0.0,0.0,7.0,6.0
11,e836,"V003_44_arr, V003_44",0.0,0.0,2.0,2.0
11,e837,"V003_45, V003_45_dep",0.0,0.0,1.0,1.0
11,e838,"V003_45, V003_46",0.0,0.0,8.0,7.0
11,e839,"V001_44_dep, V003_48_arr",0.0,0.0,5.0,5.0
11,e840,"V001_44_arr, V001_44",0.0,0.0,2.0,2.0
11,e841,"V001_45, V001_45_dep",0.0,0.0,1.0,1.0
11,e842,"V001_45, V001_46",0.0,0.0,7.0,6.0
11,e843,"V007_44_dep, V002_82_arr",0.0,0.0,3.0,3.0
11,e844,"V007_44_arr, V007_44",0.0,0.0,1.0,1.0
11,e845,"V007_45, V007_45_dep",0.0,0.0,2.0,2.0
11,e846,"V007_45, V007_46",0.0,0.0,6.0,5.0
11,e847,"V004_45_dep, V001_53_arr",0.0,0.0,5.0,5.0
11,e848,"V004_45_arr, V004_45",0.0,0.0,1.0,1.0
11,e849,"V004_46, V004_46_dep",0.0,0.0,5.0,5.0
11,e850,"V004_46, V004_47",0.0,0.0,7.0,7.0
11,e851,"V002_45_dep, V007_83_arr",0.0,0.0,3.0,3.0
11,e852,"V002_45_arr, V002_45",0.0,0.0,1.0,1.0
11,e853,"V002_46, V002_46_dep",0.0,0.0,5.0,5.0
11,e854,"V002_46, V002_47",0.0,0.0,7.0,6.0
11,e855,"V003_45_arr, V003_45",0.0,0.0,2.0,2.0
11,e856,"V003_46, V003_46_dep",0.0,0.0,1.0,1.0
11,e857,"V003_46, V003_47",0.0,0.0,8.0,7.0
11,e858,"V001_45_dep, V003_49_arr",0.0,0.0,5.0,5.0
11,e859,"V001_45_arr, V001_45",0.0,0.0,2.0,2.0
11,e860,"V001_46, V001_46_dep",0.0,0.0,1.0,1.0
11,e861,"V001_46, V001_47",0.0,0.0,7.0,6.0
11,e862,"V007_45_dep, V002_83_arr",0.0,0.0,3.0,3.0
11,e863,"V007_45_arr, V007_45",0.0,0.0,1.0,1.0
11,e864,"V007_46, V007_46_dep",0.0,0.0,2.0,2.0
11,e865,"V007_46, V007_47",0.0,0.0,6.0,5.0
11,e866,"V004_46_dep, V001_54_arr",0.0,0.0,5.0,5.0
11,e867,"V004_46_arr, V004_46",0.0,0.0,1.0,1.0
11,e868,"V004_47, V004_47_dep",0.0,0.0,5.0,5.0
11,e869,"V004_47, V004_48",0.0,0.0,7.0,7.0
11,e870,"V002_46_dep, V007_84_arr",0.0,0.0,3.0,3.0
11,e871,"V002_46_arr, V002_46",0.0,0.0,1.0,1.0
11,e872,"V002_47, V002_47_dep",0.0,0.0,5.0,5.0
11,e873,"V002_47, V002_48",0.0,0.0,7.0,6.0
11,e874,"V003_46_arr, V003_46",0.0,0.0,2.0,2.0
11,e875,"V003_47, V003_47_dep",0.0,0.0,1.0,1.0
11,e876,"V003_47, V003_48",0.0,0.0,8.0,7.0
11,e877,"V001_46_dep, V003_50_arr",0.0,0.0,5.0,5.0
11,e878,"V001_46_arr, V001_46",0.0,0.0,2.0,2.0
11,e879,"V001_47, V001_47_dep",0.0,0.0,1.0,1.0
11,e880,"V001_47, V001_48",0.0,0.0,7.0,6.0
11,e881,"V007_46_dep, V002_84_arr",0.0,0.0,3.0,3.0
11,e882,"V007_46_arr, V007_46",0.0,0.0,1.0,1.0
11,e883,"V007_47, V007_47_dep",0.0,0.0,2.0,2.0
11,e884,"V007_47, V007_48",0.0,0.0,6.0,5.0
11,e885,"V004_47_dep, V001_55_arr",0.0,0.0,5.0,5.0
11,e886,"V004_47_arr, V004_47",0.0,0.0,1.0,1.0
11,e887,"V004_48, V004_48_dep",0.0,0.0,5.0,5.0
11,e888,"V004_48, V004_49",0.0,0.0,7.0,7.0
11,e889,"V002_47_dep, V007_85_arr",0.0,0.0,3.0,3.0
11,e890,"V002_47_arr, V002_47",0.0,0.0,1.0,1.0
11,e891,"V002_48, V002_48_dep",0.0,0.0,5.0,5.0
11,e892,"V002_48, V002_49",0.0,0.0,7.0,6.0
11,e893,"V003_47_arr, V003_47",0.0,0.0,2.0,2.0
11,e894,"V003_48, V003_48_dep",0.0,0.0,1.0,1.0
11,e895,"V003_48, V003_49",0.0,0.0,8.0,7.0
11,e896,"V001_47_dep, V003_51_arr",0.0,0.0,5.0,5.0
11,e897,"V001_47_arr, V001_47",0.0,0.0,2.0,2.0
11,e898,"V001_48, V001_48_dep",0.0,0.0,1.0,1.0
11,e899,"V001_48, V001_49",0.0,0.0,7.0,6.0
11,e900,"V007_47_dep, V002_85_arr",0.0,0.0,3.0,3.0
11,e901,"V007_47_arr, V007_47",0.0,0.0,1.0,1.0
11,e902,"V007_48, V007_48_dep",0.0,0.0,2.0,2.0
11,e903,"V007_48, V007_49",0.0,0.0,6.0,5.0
11,e904,"V004_48_dep, V001_56_arr",0.0,0.0,5.0,5.0
11,e905,"V004_48_arr, V004_48",0.0,0.0,1.0,1.0
11,e906,"V004_49, V004_49_dep",0.0,0.0,5.0,5.0
11,e907,"V004_49, V004_50",0.0,0.0,7.0,7.0
11,e908,"V002_48_dep, V007_86_arr",0.0,0.0,3.0,3.0
11,e909,"V002_48_arr, V002_48",0.0,0.0,1.0,1.0
11,e910,"V002_49, V002_49_dep",0.0,0.0,5.0,5.0
11,e911,"V002_49, V002_50",0.0,0.0,7.0,6.0
11,e912,"V003_48_arr, V003_48",0.0,0.0,2.0,2.0
11,e913,"V003_49, V003_49_dep",0.0,0.0,1.0,1.0
11,e914,"V003_49, V003_50",0.0,0.0,8.0,7.0
11,e915,"V001_48_dep, V003_52_arr",0.0,0.0,5.0,5.0
11,e916,"V001_48_arr, V001_48",0.0,0.0,2.0,2.0
11,e917,"V001_49, V001_49_dep",0.0,0.0,1.0,1.0
11,e918,"V001_49, V001_50",0.0,0.0,7.0,6.0
11,e919,"V007_48_dep, V002_86_arr",0.0,0.0,3.0,3.0
11,e920,"V007_48_arr, V007_48",0.0,0.0,1.0,1.0
11,e921,"V007_49, V007_49_dep",0.0,0.0,2.0,2.0
11,e922,"V007_49, V007_50",0.0,0.0,6.0,5.0
11,e923,"V004_49_dep, V001_57_arr",0.0,0.0,5.0,5.0
11,e924,"V004_49_arr, V004_49",0.0,0.0,1.0,1.0
11,e925,"V004_50, V004_50_dep",0.0,0.0,5.0,5.0
11,e926,"V004_50, V004_51",0.0,0.0,7.0,7.0
11,e927,"V002_49_dep, V007_87_arr",0.0,0.0,3.0,3.0
11,e928,"V002_49_arr, V002_49",0.0,0.0,1.0,1.0
11,e929,"V002_50, V002_50_dep",0.0,0.0,5.0,5.0
11,e930,"V002_50, V002_51",0.0,0.0,7.0,6.0
11,e931,"V003_49_arr, V003_49",0.0,0.0,2.0,2.0
11,e932,"V003_50, V003_50_dep",0.0,0.0,1.0,1.0
11,e933,"V003_50, V003_51",0.0,0.0,8.0,7.0
11,e934,"V001_49_dep, V003_53_arr",0.0,0.0,5.0,5.0
11,e935,"V001_49_arr, V001_49",0.0,0.0,2.0,2.0
11,e936,"V001_50, V001_50_dep",0.0,0.0,1.0,1.0
11,e937,"V001_50, V001_51",0.0,0.0,7.0,6.0
11,e938,"V007_49_dep, V002_87_arr",0.0,0.0,3.0,3.0
11,e939,"V007_49_arr, V007_49",0.0,0.0,1.0,1.0
11,e940,"V007_50, V007_50_dep",0.0,0.0,2.0,2.0
11,e941,"V007_50, V007_51",0.0,0.0,6.0,5.0
11,e942,"V004_50_dep, V001_58_arr",0.0,0.0,5.0,5.0
11,e943,"V004_50_arr, V004_50",0.0,0.0,1.0,1.0
11,e944,"V004_51, V004_51_dep",0.0,0.0,5.0,5.0
11,e945,"V004_51, V004_52",0.0,0.0,7.0,7.0
11,e946,"V002_50_dep, V007_88_arr",0.0,0.0,3.0,3.0
11,e947,"V002_50_arr, V002_50",0.0,0.0,1.0,1.0
11,e948,"V002_51, V002_51_dep",0.0,0.0,5.0,5.0
11,e949,"V002_51, V002_52",0.0,0.0,7.0,6.0
11,e950,"V003_50_arr, V003_50",0.0,0.0,2.0,2.0
11,e951,"V003_51, V003_51_dep",0.0,0.0,1.0,1.0
11,e952,"V003_51, V003_52",0.0,0.0,8.0,7.0
11,e953,"V001_50_dep, V003_54_arr",0.0,0.0,5.0,5.0
11,e954,"V001_50_arr, V001_50",0.0,0.0,2.0,2.0
11,e955,"V001_51, V001_51_dep",0.0,0.0,1.0,1.0
11,e956,"V001_51, V001_52",0.0,0.0,7.0,6.0
11,e957,"V007_50_dep, V002_88_arr",0.0,0.0,3.0,3.0
11,e958,"V007_50_arr, V007_50",0.0,0.0,1.0,1.0
11,e959,"V007_51, V007_51_dep",0.0,0.0,2.0,2.0
11,e960,"V007_51, V007_52",0.0,0.0,6.0,5.0
11,e961,"V004_51_dep, V001_59_arr",0.0,0.0,5.0,5.0
11,e962,"V004_51_arr, V004_51",0.0,0.0,1.0,1.0
11,e963,"V004_52, V004_52_dep",0.0,0.0,5.0,5.0
11,e964,"V004_52, V004_53",0.0,0.0,7.0,7.0
11,e965,"V002_51_dep, V007_89_arr",0.0,0.0,3.0,3.0
11,e966,"V002_51_arr, V002_51",0.0,0.0,1.0,1.0
11,e967,"V002_52, V002_52_dep",0.0,0.0,5.0,5.0
11,e968,"V002_52, V002_53",0.0,0.0,7.0,6.0
11,e969,"V003_51_arr, V003_51",0.0,0.0,2.0,2.0
11,e970,"V003_52, V003_52_dep",0.0,0.0,1.0,1.0
11,e971,"V003_52, V003_53",0.0,0.0,8.0,7.0
11,e972,"V001_51_dep, V003_55_arr",0.0,0.0,5.0,5.0
11,e973,"V001_51_arr, V001_51",0.0,0.0,2.0,2.0
11,e974,"V001_52, V001_52_dep",0.0,0.0,1.0,1.0
11,e975,"V001_52, V001_53",0.0,0.0,7.0,6.0
11,e976,"V007_51_dep, V002_89_arr",0.0,0.0,3.0,3.0
11,e977,"V007_51_arr, V007_51",0.0,0.0,1.0,1.0
11,e978,"V007_52, V007_52_dep",0.0,0.0,2.0,2.0
11,e979,"V007_52, V007_53",0.0,0.0,6.0,5.0
11,e980,"V004_52_dep, V001_60_arr",0.0,0.0,5.0,5.0
11,e981,"V004_52_arr, V004_52",0.0,0.0,1.0,1.0
11,e982,"V004_53, V004_53_dep",0.0,0.0,5.0,5.0
11,e983,"V004_53, V004_54",0.0,0.0,7.0,7.0
11,e984,"V002_52_dep, V007_90_arr",0.0,0.0,3.0,3.0
11,e985,"V002_52_arr, V002_52",0.0,0.0,1.0,1.0
11,e986,"V002_53, V002_53_dep",0.0,0.0,5.0,5.0
11,e987,"V002_53, V002_54",0.0,0.0,7.0,6.0
11,e988,"V003_52_arr, V003_52",0.0,0.0,2.0,2.0
11,e989,"V003_53, V003_53_dep",0.0,0.0,1.0,1.0
11,e990,"V003_53, V003_54",0.0,0.0,8.0,7.0
11,e991,"V001_52_dep, V003_56_arr",0.0,0.0,5.0,5.0
11,e992,"V001_52_arr, V001_52",0.0,0.0,2.0,2.0
11,e993,"V001_53, V001_53_dep",0.0,0.0,1.0,1.0
11,e994,"V001_53, V001_54",0.0,0.0,7.0,6.0
11,e995,"V007_52_dep, V002_90_arr",0.0,0.0,3.0,3.0
11,e996,"V007_52_arr, V007_52",0.0,0.0,1.0,1.0
11,e997,"V007_53, V007_53_dep",0.0,0.0,2.0,2.0
11,e998,"V007_53, V007_54",0.0,0.0,6.0,5.0
11,e999,"V004_53_dep, V001_61_arr",0.0,0.0,5.0,5.0
11,e1000,"V004_53_arr, V004_53",0.0,0.0,1.0,1.0
11,e1001,"V004_54, V004_54_dep",0.0,0.0,5.0,5.0
11,e1002,"V004_54, V004_55",0.0,0.0,7.0,7.0
11,e1003,"V002_53_dep, V007_91_arr",0.0,0.0,3.0,3.0
11,e1004,"V002_53_arr, V002_53",0.0,0.0,1.0,1.0
11,e1005,"V002_54, V002_54_dep",0.0,0.0,5.0,5.0
11,e1006,"V002_54, V002_55",0.0,0.0,7.0,6.0
11,e1007,"V003_53_arr, V003_53",0.0,0.0,2.0,2.0
11,e1008,"V003_54, V003_54_dep",0.0,0.0,1.0,1.0
11,e1009,"V003_54, V003_55",0.0,0.0,8.0,7.0
11,e1010,"V001_53_dep, V003_57_arr",0.0,0.0,5.0,5.0
11,e1011,"V001_53_arr, V001_53",0.0,0.0,2.0,2.0
11,e1012,"V001_54, V001_54_dep",0.0,0.0,1.0,1.0
11,e1013,"V001_54, V001_55",0.0,0.0,7.0,6.0
11,e1014,"V007_53_dep, V002_91_arr",0.0,0.0,3.0,3.0
11,e1015,"V007_53_arr, V007_53",0.0,0.0,1.0,1.0
11,e1016,"V007_54, V007_54_dep",0.0,0.0,2.0,2.0
11,e1017,"V007_54, V007_55",0.0,0.0,6.0,5.0
11,e1018,"V004_54_dep, V001_62_arr",0.0,0.0,5.0,5.0
11,e1019,"V004_54_arr, V004_54",0.0,0.0,1.0,1.0
11,e1020,"V004_55, V004_55_dep",0.0,0.0,5.0,5.0
11,e1021,"V004_55, V004_56",0.0,0.0,7.0,7.0
11,e1022,"V002_54_dep, V007_92_arr",0.0,0.0,3.0,3.0
11,e1023,"V002_54_arr, V002_54",0.0,0.0,1.0,1.0
11,e1024,"V002_55, V002_55_dep",0.0,0.0,5.0,5.0
11,e1025,"V002_55, V002_56",0.0,0.0,7.0,6.0
11,e1026,"V003_54_arr, V003_54",0.0,0.0,2.0,2.0
11,e1027,"V003_55, V003_55_dep",0.0,0.0,1.0,1.0
11,e1028,"V003_55, V003_56",0.0,0.0,8.0,7.0
11,e1029,"V001_54_dep, V003_58_arr",0.0,0.0,5.0,5.0
11,e1030,"V001_54_arr, V001_54",0.0,0.0,2.0,2.0
11,e1031,"V001_55, V001_55_dep",0.0,0.0,1.0,1.0
11,e1032,"V001_55, V001_56",0.0,0.0,7.0,6.0
11,e1033,"V007_54_dep, V002_92_arr",0.0,0.0,3.0,3.0
11,e1034,"V007_54_arr, V007_54",0.0,0.0,1.0,1.0
11,e1035,"V007_55, V007_55_dep",0.0,0.0,2.0,2.0
11,e1036,"V007_55, V007_56",0.0,0.0,6.0,5.0
11,e1037,"V004_55_dep, V001_63_arr",0.0,0.0,5.0,5.0
11,e1038,"V004_55_arr, V004_55",0.0,0.0,1.0,1.0
11,e1039,"V004_56, V004_56_dep",0.0,0.0,5.0,5.0
11,e1040,"V004_56, V004_57",0.0,0.0,7.0,7.0
11,e1041,"V002_55_dep, V007_93_arr",0.0,0.0,3.0,3.0
11,e1042,"V002_55_arr, V002_55",0.0,0.0,1.0,1.0
11,e1043,"V002_56, V002_56_dep",0.0,0.0,5.0,5.0
11,e1044,"V002_56, V002_57",0.0,0.0,7.0,6.0
11,e1045,"V003_55_arr, V003_55",0.0,0.0,2.0,2.0
11,e1046,"V003_56, V003_56_dep",0.0,0.0,1.0,1.0
11,e1047,"V003_56, V003_57",0.0,0.0,8.0,7.0
11,e1048,"V001_55_dep, V003_59_arr",0.0,0.0,5.0,5.0
11,e1049,"V001_55_arr, V001_55",0.0,0.0,2.0,2.0
11,e1050,"V001_56, V001_56_dep",0.0,0.0,1.0,1.0
11,e1051,"V001_56, V001_57",0.0,0.0,7.0,6.0
11,e1052,"V007_55_dep, V002_93_arr",0.0,0.0,3.0,3.0
11,e1053,"V007_55_arr, V007_55",0.0,0.0,1.0,1.0
11,e1054,"V007_56, V007_56_dep",0.0,0.0,2.0,2.0
11,e1055,"V007_56, V007_57",0.0,0.0,6.0,5.0
11,e1056,"V004_56_dep, V001_64_arr",0.0,0.0,5.0,5.0
11,e1057,"V004_56_arr, V004_56",0.0,0.0,1.0,1.0
11,e1058,"V004_57, V004_57_dep",0.0,0.0,5.0,5.0
11,e1059,"V004_57, V004_58",0.0,0.0,7.0,7.0
11,e1060,"V002_56_dep, V007_94_arr",0.0,0.0,3.0,3.0
11,e1061,"V002_56_arr, V002_56",0.0,0.0,1.0,1.0
11,e1062,"V002_57, V002_57_dep",0.0,0.0,5.0,5.0
11,e1063,"V002_57, V002_58",0.0,0.0,7.0,6.0
11,e1064,"V003_56_arr, V003_56",0.0,0.0,2.0,2.0
11,e1065,"V003_57, V003_57_dep",0.0,0.0,1.0,1.0
11,e1066,"V003_57, V003_58",0.0,0.0,8.0,7.0
11,e1067,"V001_56_dep, V003_60_arr",0.0,0.0,5.0,5.0
11,e1068,"V001_56_arr, V001_56",0.0,0.0,2.0,2.0
11,e1069,"V001_57, V001_57_dep",0.0,0.0,1.0,1.0
11,e1070,"V001_57, V001_58",0.0,0.0,7.0,6.0
11,e1071,"V007_56_dep, V002_94_arr",0.0,0.0,3.0,3.0
11,e1072,"V007_56_arr, V007_56",0.0,0.0,1.0,1.0
11,e1073,"V007_57, V007_57_dep",0.0,0.0,2.0,2.0
11,e1074,"V007_57, V007_58",0.0,0.0,6.0,5.0
11,e1075,"V004_57_dep, V001_65_arr",0.0,0.0,5.0,5.0
11,e1076,"V004_57_arr, V004_57",0.0,0.0,1.0,1.0
11,e1077,"V004_58, V004_58_dep",0.0,0.0,5.0,5.0
11,e1078,"V004_58, V004_59",0.0,0.0,7.0,7.0
11,e1079,"V002_57_dep, V007_95_arr",0.0,0.0,3.0,3.0
11,e1080,"V002_57_arr, V002_57",0.0,0.0,1.0,1.0
11,e1081,"V002_58, V002_58_dep",0.0,0.0,5.0,5.0
11,e1082,"V002_58, V002_59",0.0,0.0,7.0,6.0
11,e1083,"V003_57_arr, V003_57",0.0,0.0,2.0,2.0
11,e1084,"V003_58, V003_58_dep",0.0,0.0,1.0,1.0
11,e1085,"V003_58, V003_59",0.0,0.0,8.0,7.0
11,e1086,"V001_57_dep, V003_61_arr",0.0,0.0,5.0,5.0
11,e1087,"V001_57_arr, V001_57",0.0,0.0,2.0,2.0
11,e1088,"V001_58, V001_58_dep",0.0,0.0,1.0,1.0
11,e1089,"V001_58, V001_59",0.0,0.0,7.0,6.0
11,e1090,"V007_57_dep, V002_95_arr",0.0,0.0,3.0,3.0
11,e1091,"V007_57_arr, V007_57",0.0,0.0,1.0,1.0
11,e1092,"V007_58, V007_58_dep",0.0,0.0,2.0,2.0
11,e1093,"V007_58, V007_59",0.0,0.0,6.0,5.0
11,e1094,"V004_58_dep, V001_66_arr",0.0,0.0,5.0,5.0
11,e1095,"V004_58_arr, V004_58",0.0,0.0,1.0,1.0
11,e1096,"V004_59, V004_59_dep",0.0,0.0,5.0,5.0
11,e1097,"V004_59, V004_60",0.0,0.0,7.0,7.0
11,e1098,"V002_58_dep, V007_96_arr",0.0,0.0,3.0,3.0
11,e1099,"V002_58_arr, V002_58",0.0,0.0,1.0,1.0
11,e1100,"V002_59, V002_59_dep",0.0,0.0,5.0,5.0
11,e1101,"V002_59, V002_60",0.0,0.0,7.0,6.0
11,e1102,"V003_58_arr, V003_58",0.0,0.0,2.0,2.0
11,e1103,"V003_59, V003_59_dep",0.0,0.0,1.0,1.0
11,e1104,"V003_59, V003_60",0.0,0.0,8.0,7.0
11,e1105,"V001_58_dep, V003_62_arr",0.0,0.0,5.0,5.0
11,e1106,"V001_58_arr, V001_58",0.0,0.0,2.0,2.0
11,e1107,"V001_59, V001_59_dep",0.0,0.0,1.0,1.0
11,e1108,"V001_59, V001_60",0.0,0.0,7.0,6.0
11,e1109,"V007_58_dep, V002_96_arr",0.0,0.0,3.0,3.0
11,e1110,"V007_58_arr, V007_58",0.0,0.0,1.0,1.0
11,e1111,"V007_59, V007_59_dep",0.0,0.0,2.0,2.0
11,e1112,"V007_59, V007_60",0.0,0.0,6.0,5.0
11,e1113,"V004_59_dep, V001_67_arr",0.0,0.0,5.0,5.0
11,e1114,"V004_59_arr, V004_59",0.0,0.0,1.0,1.0
11,e1115,"V004_60, V004_60_dep",0.0,0.0,5.0,5.0
11,e1116,"V004_60, V004_61",0.0,0.0,7.0,7.0
11,e1117,"V002_59_dep, V007_97_arr",0.0,0.0,3.0,3.0
11,e1118,"V002_59_arr, V002_59",10.991454634648287,10.991454634648287,1.0,1.0
11,e1119,"V002_60, V002_60_dep",0.0,0.0,5.0,5.0
11,e1120,"V002_60, V002_61",0.0,0.0,7.0,5.0
11,e1121,"V003_59_arr, V003_59",0.0,0.0,2.0,2.0
11,e1122,"V003_60, V003_60_dep",0.0,0.0,1.0,1.0
11,e1123,"V003_60, V003_61",0.0,0.0,8.0,7.0
11,e1124,"V001_59_dep, V003_63_arr",0.0,0.0,5.0,5.0
11,e1125,"V001_59_arr, V001_59",0.0,0.0,2.0,2.0
11,e1126,"V001_60, V001_60_dep",0.0,0.0,1.0,1.0
11,e1127,"V001_60, V001_61",0.0,0.0,7.0,6.0
11,e1128,"V007_59_dep, V002_97_arr",0.0,0.0,3.0,3.0
11,e1129,"V007_59_arr, V007_59",0.0,0.0,1.0,1.0
11,e1130,"V007_60, V007_60_dep",0.0,0.0,2.0,2.0
11,e1131,"V007_60, V007_61",0.0,0.0,6.0,5.0
11,e1132,"V004_60_dep, V001_68_arr",0.0,0.0,5.0,5.0
11,e1133,"V004_60_arr, V004_60",0.0,0.0,1.0,1.0
11,e1134,"V004_61, V004_61_dep",0.0,0.0,5.0,5.0
11,e1135,"V004_61, V004_62",0.0,0.0,7.0,7.0
11,e1136,"V002_60_dep, V007_98_arr",0.0,0.0,3.0,3.0
11,e1137,"V002_60_arr, V002_60",5.281379724810801,5.281379724810801,1.0,0.0
11,e1138,"V002_61, V002_61_dep",0.0,0.0,5.0,5.0
11,e1139,"V002_61, V002_62",0.0,0.0,7.0,5.0
11,e1140,"V003_60_arr, V003_60",0.0,0.0,2.0,2.0
11,e1141,"V003_61, V003_61_dep",0.0,0.0,1.0,1.0
11,e1142,"V003_61, V003_62",0.0,0.0,8.0,7.0
11,e1143,"V001_60_dep, V003_64_arr",0.0,0.0,5.0,5.0
11,e1144,"V001_60_arr, V001_60",0.0,0.0,2.0,2.0
11,e1145,"V001_61, V001_61_dep",0.0,0.0,1.0,1.0
11,e1146,"V001_61, V001_62",0.0,0.0,7.0,6.0
11,e1147,"V007_60_dep, V002_98_arr",0.0,0.0,3.0,3.0
11,e1148,"V007_60_arr, V007_60",0.0,0.0,1.0,1.0
11,e1149,"V007_61, V007_61_dep",0.0,0.0,2.0,2.0
11,e1150,"V007_61, V007_62",0.0,0.0,6.0,5.0
11,e1151,"V004_61_dep, V001_69_arr",0.0,0.0,5.0,5.0
11,e1152,"V004_61_arr, V004_61",0.0,0.0,1.0,1.0
11,e1153,"V004_62, V004_62_dep",0.0,0.0,5.0,5.0
11,e1154,"V004_62, V004_63",0.0,0.0,7.0,7.0
11,e1155,"V002_61_dep, V007_99_arr",0.0,0.0,3.0,3.0
11,e1156,"V002_61_arr, V002_61",1.1213232203029295,1.1213232203029295,1.0,1.0
11,e1157,"V002_62, V002_62_dep",0.0,0.0,5.0,5.0
11,e1158,"V002_62, V002_63",0.0,0.0,7.0,5.0
11,e1159,"V003_61_arr, V003_61",0.0,0.0,2.0,2.0
11,e1160,"V003_62, V003_62_dep",0.0,0.0,1.0,1.0
11,e1161,"V003_62, V003_63",0.0,0.0,8.0,7.0
11,e1162,"V001_61_dep, V003_65_arr",0.0,0.0,5.0,5.0
11,e1163,"V001_61_arr, V001_61",0.0,0.0,2.0,2.0
11,e1164,"V001_62, V001_62_dep",0.0,0.0,1.0,1.0
11,e1165,"V001_62, V001_63",0.0,0.0,7.0,6.0
11,e1166,"V007_61_dep, V002_99_arr",0.0,0.0,3.0,3.0
11,e1167,"V007_61_arr, V007_61",3.1200654157842087,3.1200654157842087,1.0,1.0
11,e1168,"V007_62, V007_62_dep",0.0,0.0,2.0,2.0
11,e1169,"V007_62, V007_63",0.0,0.0,6.0,5.0
11,e1170,"V004_62_dep, V001_70_arr",0.0,0.0,5.0,5.0
11,e1171,"V004_62_arr, V004_62",0.0,0.0,1.0,1.0
11,e1172,"V004_63, V004_63_dep",0.0,0.0,5.0,5.0
11,e1173,"V004_63, V004_64",0.0,0.0,7.0,7.0
11,e1174,"V002_62_dep, V007_100_arr",0.0,0.0,3.0,3.0
11,e1175,"V002_62_arr, V002_62",0.0,0.0,1.0,1.0
11,e1176,"V002_63, V002_63_dep",0.0,0.0,5.0,5.0
11,e1177,"V002_63, V002_64",0.23990672471476238,0.23990672471476238,7.0,5.0
11,e1178,"V003_62_arr, V003_62",0.0,0.0,2.0,2.0
11,e1179,"V003_63, V003_63_dep",0.0,0.0,1.0,1.0
11,e1180,"V003_63, V003_64",0.0,0.0,8.0,7.0
11,e1181,"V001_62_dep, V003_66_arr",0.0,0.0,5.0,5.0
11,e1182,"V001_62_arr, V001_62",0.0,0.0,2.0,2.0
11,e1183,"V001_63, V001_63_dep",0.0,0.0,1.0,1.0
11,e1184,"V001_63, V001_64",0.0,0.0,7.0,6.0
11,e1185,"V007_62_dep, V002_100_arr",0.0,0.0,3.0,3.0
11,e1186,"V007_62_arr, V007_62",0.0,0.0,1.0,1.0
11,e1187,"V007_63, V007_63_dep",0.0,0.0,2.0,2.0
11,e1188,"V007_63, V007_64",0.0,0.0,6.0,5.0
11,e1189,"V004_63_dep, V001_71_arr",0.0,0.0,5.0,5.0
11,e1190,"V004_63_arr, V004_63",0.0,0.0,1.0,1.0
11,e1191,"V004_64, V004_64_dep",0.0,0.0,5.0,5.0
11,e1192,"V004_64, V004_65",0.0,0.0,7.0,7.0
11,e1193,"V002_63_arr, V002_63",0.0,0.0,1.0,1.0
11,e1194,"V002_64, V002_64_dep",0.0,0.0,5.0,5.0
11,e1195,"V002_64, V002_65",18.68311512192847,18.68311512192847,7.0,5.0
11,e1196,"V003_63_arr, V003_63",0.0,0.0,2.0,2.0
11,e1197,"V003_64, V003_64_dep",0.0,0.0,1.0,1.0
11,e1198,"V003_64, V003_65",0.0,0.0,8.0,7.0
11,e1199,"V001_63_dep, V003_67_arr",0.0,0.0,5.0,5.0
11,e1200,"V001_63_arr, V001_63",0.0,0.0,2.0,2.0
11,e1201,"V001_64, V001_64_dep",0.0,0.0,1.0,1.0
11,e1202,"V001_64, V001_65",0.0,0.0,7.0,6.0
11,e1203,"V007_63_arr, V007_63",0.0,0.0,1.0,1.0
11,e1204,"V007_64, V007_64_dep",0.0,0.0,2.0,2.0
11,e1205,"V007_64, V007_65",0.0,0.0,6.0,5.0
11,e1206,"V004_64_dep, V001_72_arr",0.0,0.0,5.0,5.0
11,e1207,"V004_64_arr, V004_64",0.0,0.0,1.0,1.0
11,e1208,"V004_65, V004_65_dep",0.0,0.0,5.0,5.0
11,e1209,"V004_65, V004_66",0.0,0.0,7.0,7.0
11,e1210,"V002_64_arr, V002_64",0.0,0.0,1.0,1.0
11,e1211,"V002_65, V002_65_dep",0.0,0.0,5.0,5.0
11,e1212,"V002_65, V002_66",9.623181784406174,9.623181784406174,7.0,5.0
11,e1213,"V003_64_arr, V003_64",0.0,0.0,2.0,2.0
11,e1214,"V003_65, V003_65_dep",0.0,0.0,1.0,1.0
11,e1215,"V003_65, V003_66",0.0,0.0,8.0,7.0
11,e1216,"V001_64_dep, V003_68_arr",0.0,0.0,5.0,5.0
11,e1217,"V001_64_arr, V001_64",0.0,0.0,2.0,2.0
11,e1218,"V001_65, V001_65_dep",0.0,0.0,1.0,1.0
11,e1219,"V001_65, V001_66",0.0,0.0,7.0,6.0
11,e1220,"V007_64_arr, V007_64",0.0,0.0,1.0,1.0
11,e1221,"V007_65, V007_65_dep",0.0,0.0,2.0,2.0
11,e1222,"V007_65, V007_66",13.976497975569226,13.976497975569226,6.0,5.0
11,e1223,"V004_65_dep, V001_73_arr",0.0,0.0,5.0,5.0
11,e1224,"V004_65_arr, V004_65",0.0,0.0,1.0,1.0
11,e1225,"V004_66, V004_66_dep",0.0,0.0,5.0,5.0
11,e1226,"V004_66, V004_67",0.0,0.0,7.0,7.0
11,e1227,"V002_65_arr, V002_65",0.0,0.0,1.0,1.0
11,e1228,"V002_66, V002_66_dep",0.0,0.0,5.0,5.0
11,e1229,"V002_66, V002_67",7.034829731135773,7.034829731135773,7.0,5.0
11,e1230,"V003_65_arr, V003_65",0.0,0.0,2.0,2.0
11,e1231,"V003_66, V003_66_dep",0.0,0.0,1.0,1.0
11,e1232,"V003_66, V003_67",0.0,0.0,8.0,7.0
11,e1233,"V001_65_dep, V003_69_arr",0.0,0.0,5.0,5.0
11,e1234,"V001_65_arr, V001_65",0.0,0.0,2.0,2.0
11,e1235,"V001_66, V001_66_dep",0.0,0.0,1.0,1.0
11,e1236,"V001_66, V001_67",0.0,0.0,7.0,6.0
11,e1237,"V007_65_arr, V007_65",0.0,0.0,1.0,1.0
11,e1238,"V007_66, V007_66_dep",0.0,0.0,2.0,2.0
11,e1239,"V007_66, V007_67",7.146372408640791,7.146372408640791,6.0,5.0
11,e1240,"V004_66_dep, V001_74_arr",0.0,0.0,5.0,5.0
11,e1241,"V004_66_arr, V004_66",0.0,0.0,1.0,1.0
11,e1242,"V004_67, V004_67_dep",0.0,0.0,5.0,5.0
11,e1243,"V004_67, V004_68",0.0,0.0,7.0,7.0
11,e1244,"V002_66_arr, V002_66",0.0,0.0,1.0,1.0
11,e1245,"V002_67, V002_67_dep",0.0,0.0,5.0,5.0
11,e1246,"V002_67, V002_68",2.549319990353638,2.549319990353638,7.0,5.0
11,e1247,"V003_66_arr, V003_66",0.0,0.0,2.0,2.0
11,e1248,"V003_67, V003_67_dep",0.0,0.0,1.0,1.0
11,e1249,"V003_67, V003_68",0.0,0.0,8.0,7.0
11,e1250,"V001_66_dep, V003_70_arr",0.0,0.0,5.0,5.0
11,e1251,"V001_66_arr, V001_66",0.0,0.0,2.0,2.0
11,e1252,"V001_67, V001_67_dep",0.0,0.0,1.0,1.0
11,e1253,"V001_67, V001_68",0.0,0.0,7.0,6.0
11,e1254,"V007_66_arr, V007_66",0.0,0.0,1.0,1.0
11,e1255,"V007_67, V007_67_dep",0.0,0.0,2.0,2.0
11,e1256,"V007_67, V007_68",3.654214991236935,3.654214991236935,6.0,5.0
11,e1257,"V004_67_dep, V001_75_arr",0.0,0.0,5.0,5.0
11,e1258,"V004_67_arr, V004_67",0.0,0.0,1.0,1.0
11,e1259,"V004_68, V004_68_dep",0.0,0.0,5.0,5.0
11,e1260,"V004_68, V004_69",0.0,0.0,7.0,7.0
11,e1261,"V002_67_arr, V002_67",0.0,0.0,1.0,1.0
11,e1262,"V002_68, V002_68_dep",0.0,0.0,5.0,5.0
11,e1263,"V002_68, V002_69",1.2835938851027295,1.2835938851027295,7.0,5.0
11,e1264,"V003_67_arr, V003_67",0.0,0.0,2.0,2.0
11,e1265,"V003_68, V003_68_dep",0.0,0.0,1.0,1.0
11,e1266,"V003_68, V003_69",0.0,0.0,8.0,7.0
11,e1267,"V001_67_dep, V003_71_arr",0.0,0.0,5.0,5.0
11,e1268,"V001_67_arr, V001_67",0.0,0.0,2.0,2.0
11,e1269,"V001_68, V001_68_dep",0.0,0.0,1.0,1.0
11,e1270,"V001_68, V001_69",0.0,0.0,7.0,6.0
11,e1271,"V007_67_arr, V007_67",0.0,0.0,1.0,1.0
11,e1272,"V007_68, V007_68_dep",0.0,0.0,2.0,2.0
11,e1273,"V007_68, V007_69",1.8994689538915832,1.8994689538915832,6.0,5.0
11,e1274,"V004_68_dep, V001_76_arr",0.0,0.0,5.0,5.0
11,e1275,"V004_68_arr, V004_68",0.0,0.0,1.0,1.0
11,e1276,"V004_69, V004_69_dep",0.0,0.0,5.0,5.0
11,e1277,"V004_69, V004_70",0.0,0.0,7.0,7.0
11,e1278,"V002_68_arr, V002_68",0.0,0.0,1.0,1.0
11,e1279,"V002_69, V002_69_dep",0.0,0.0,5.0,5.0
11,e1280,"V002_69, V002_70",0.7019452170110352,0.7019452170110352,7.0,5.0
11,e1281,"V003_68_arr, V003_68",0.0,0.0,2.0,2.0
11,e1282,"V003_69, V003_69_dep",0.0,0.0,1.0,1.0
11,e1283,"V003_69, V003_70",0.0,0.0,8.0,7.0
11,e1284,"V001_68_dep, V003_72_arr",0.0,0.0,5.0,5.0
11,e1285,"V001_68_arr, V001_68",0.0,0.0,2.0,2.0
11,e1286,"V001_69, V001_69_dep",0.0,0.0,1.0,1.0
11,e1287,"V001_69, V001_70",0.0,0.0,7.0,6.0
11,e1288,"V007_68_arr, V007_68",0.0,0.0,1.0,1.0
11,e1289,"V007_69, V007_69_dep",0.0,0.0,2.0,2.0
11,e1290,"V007_69, V007_70",1.0489116898151352,1.0489116898151352,6.0,5.0
11,e1291,"V004_69_dep, V001_77_arr",0.0,0.0,5.0,5.0
11,e1292,"V004_69_arr, V004_69",0.0,0.0,1.0,1.0
11,e1293,"V004_70, V004_70_dep",0.0,0.0,5.0,5.0
11,e1294,"V004_70, V004_71",0.0,0.0,7.0,7.0
11,e1295,"V002_69_arr, V002_69",0.0,0.0,1.0,1.0
11,e1296,"V002_70, V002_70_dep",0.0,0.0,5.0,5.0
11,e1297,"V002_70, V002_71",0.4318803705060681,0.4318803705060681,7.0,5.0
11,e1298,"V003_69_arr, V003_69",0.0,0.0,2.0,2.0
11,e1299,"V003_70, V003_70_dep",0.0,0.0,1.0,1.0
11,e1300,"V003_70, V003_71",0.0,0.0,8.0,7.0
11,e1301,"V001_69_dep, V003_73_arr",0.0,0.0,5.0,5.0
11,e1302,"V001_69_arr, V001_69",0.0,0.0,2.0,2.0
11,e1303,"V001_70, V001_70_dep",0.0,0.0,1.0,1.0
11,e1304,"V001_70, V001_71",0.0,0.0,7.0,6.0
11,e1305,"V007_69_arr, V007_69",0.0,0.0,1.0,1.0
11,e1306,"V007_70, V007_70_dep",0.0,0.0,2.0,2.0
11,e1307,"V007_70, V007_71",0.6325623969470007,0.6325623969470007,6.0,5.0
11,e1308,"V004_70_dep, V001_78_arr",0.0,0.0,5.0,5.0
11,e1309,"V004_70_arr, V004_70",0.0,0.0,1.0,1.0
11,e1310,"V004_71, V004_71_dep",0.0,0.0,5.0,5.0
11,e1311,"V004_71, V004_72",0.0,0.0,7.0,7.0
11,e1312,"V002_70_arr, V002_70",0.0,0.0,1.0,1.0
11,e1313,"V002_71, V002_71_dep",0.0,0.0,5.0,5.0
11,e1314,"V002_71, V002_72",0.28196073376753894,0.28196073376753894,7.0,5.0
11,e1315,"V003_70_arr, V003_70",0.0,0.0,2.0,2.0
11,e1316,"V003_71, V003_71_dep",0.0,0.0,1.0,1.0
11,e1317,"V003_71, V003_72",0.0,0.0,8.0,7.0
11,e1318,"V001_70_dep, V003_74_arr",0.0,0.0,5.0,5.0
11,e1319,"V001_70_arr, V001_70",0.0,0.0,2.0,2.0
11,e1320,"V001_71, V001_71_dep",0.0,0.0,1.0,1.0
11,e1321,"V001_71, V001_72",0.0,0.0,7.0,6.0
11,e1322,"V007_70_arr, V007_70",0.0,0.0,1.0,1.0
11,e1323,"V007_71, V007_71_dep",0.0,0.0,2.0,2.0
11,e1324,"V007_71, V007_72",0.765685423361095,0.765685423361095,6.0,5.0
11,e1325,"V004_71_dep, V001_79_arr",0.0,0.0,5.0,5.0
11,e1326,"V004_71_arr, V004_71",0.0,0.0,1.0,1.0
11,e1327,"V004_72, V004_72_dep",0.0,0.0,5.0,5.0
11,e1328,"V004_72, V004_73",0.0,0.0,7.0,7.0
11,e1329,"V002_71_arr, V002_71",0.0,0.0,1.0,1.0
11,e1330,"V002_72, V002_72_dep",0.0,0.0,5.0,5.0
11,e1331,"V002_72, V002_73",0.18372087548836902,0.18372087548836902,7.0,5.0
11,e1332,"V003_71_arr, V003_71",0.0,0.0,2.0,2.0
11,e1333,"V003_72, V003_72_dep",0.0,0.0,1.0,1.0
11,e1334,"V003_72, V003_73",0.0,0.0,8.0,7.0
11,e1335,"V001_71_dep, V003_75_arr",0.0,0.0,5.0,5.0
11,e1336,"V001_71_arr, V001_71",0.0,0.0,2.0,2.0
11,e1337,"V001_72, V001_72_dep",0.0,0.0,1.0,1.0
11,e1338,"V001_72, V001_73",0.0,0.0,7.0,6.0
11,e1339,"V007_71_arr, V007_71",0.0,0.0,1.0,1.0
11,e1340,"V007_72, V007_72_dep",0.0,0.0,2.0,2.0
11,e1341,"V007_72, V007_73",0.32228135040450745,0.32228135040450745,6.0,5.0
11,e1342,"V004_72_dep, V001_80_arr",0.0,0.0,5.0,5.0
11,e1343,"V004_72_arr, V004_72",0.0,0.0,1.0,1.0
11,e1344,"V004_73, V004_73_dep",0.0,0.0,5.0,5.0
11,e1345,"V004_73, V004_74",0.0,0.0,7.0,7.0
11,e1346,"V002_72_arr, V002_72",0.0,0.0,1.0,1.0
11,e1347,"V002_73, V002_73_dep",0.0,0.0,5.0,5.0
11,e1348,"V002_73, V002_74",0.13727103160604326,0.13727103160604326,7.0,5.0
11,e1349,"V003_72_arr, V003_72",0.0,0.0,2.0,2.0
11,e1350,"V003_73, V003_73_dep",0.0,0.0,1.0,1.0
11,e1351,"V003_73, V003_74",0.0,0.0,8.0,7.0
11,e1352,"V001_72_dep, V003_76_arr",0.0,0.0,5.0,5.0
11,e1353,"V001_72_arr, V001_72",0.0,0.0,2.0,2.0
11,e1354,"V001_73, V001_73_dep",0.0,0.0,1.0,1.0
11,e1355,"V001_73, V001_74",0.0,0.0,7.0,6.0
11,e1356,"V007_72_arr, V007_72",0.0,0.0,1.0,1.0
11,e1357,"V007_73, V007_73_dep",0.0,0.0,2.0,2.0
11,e1358,"V007_73, V007_74",0.21345425717320232,0.21345425717320232,6.0,5.0
11,e1359,"V004_73_dep, V001_81_arr",0.0,0.0,5.0,5.0
11,e1360,"V004_73_arr, V004_73",0.0,0.0,1.0,1.0
11,e1361,"V004_74, V004_74_dep",0.0,0.0,5.0,5.0
11,e1362,"V004_74, V004_75",0.0,0.0,7.0,7.0
11,e1363,"V002_73_arr, V002_73",0.0,0.0,1.0,1.0
11,e1364,"V002_74, V002_74_dep",0.0,0.0,5.0,5.0
11,e1365,"V002_74, V002_75",0.1484210532415453,0.1484210532415453,7.0,5.0
11,e1366,"V003_73_arr, V003_73",0.0,0.0,2.0,2.0
11,e1367,"V003_74, V003_74_dep",0.0,0.0,1.0,1.0
11,e1368,"V003_74, V003_75",0.0,0.0,8.0,7.0
11,e1369,"V001_73_dep, V003_77_arr",0.0,0.0,5.0,5.0
11,e1370,"V001_73_arr, V001_73",0.0,0.0,2.0,2.0
11,e1371,"V001_74, V001_74_dep",0.0,0.0,1.0,1.0
11,e1372,"V001_74, V001_75",0.0,0.0,7.0,6.0
11,e1373,"V007_73_arr, V007_73",0.0,0.0,1.0,1.0
11,e1374,"V007_74, V007_74_dep",0.0,0.0,2.0,2.0
11,e1375,"V007_74, V007_75",0.08375828228634585,0.08375828228634585,6.0,5.0
11,e1376,"V004_74_dep, V001_82_arr",0.0,0.0,5.0,5.0
11,e1377,"V004_74_arr, V004_74",0.0,0.0,1.0,1.0
11,e1378,"V004_75, V004_75_dep",0.0,0.0,5.0,5.0
11,e1379,"V004_75, V004_76",0.0,0.0,7.0,7.0
11,e1380,"V002_74_arr, V002_74",0.0,0.0,1.0,1.0
11,e1381,"V002_75, V002_75_dep",0.0,0.0,5.0,5.0
11,e1382,"V002_75, V002_76",0.1685219455726461,0.1685219455726461,7.0,5.0
11,e1383,"V003_74_arr, V003_74",0.0,0.0,2.0,2.0
11,e1384,"V003_75, V003_75_dep",0.0,0.0,1.0,1.0
11,e1385,"V003_75, V003_76",0.0,0.0,8.0,7.0
11,e1386,"V001_74_dep, V003_78_arr",0.0,0.0,5.0,5.0
11,e1387,"V001_74_arr, V001_74",0.0,0.0,2.0,2.0
11,e1388,"V001_75, V001_75_dep",0.0,0.0,1.0,1.0
11,e1389,"V001_75, V001_76",0.0,0.0,7.0,6.0
11,e1390,"V007_74_arr, V007_74",0.0,0.0,1.0,1.0
11,e1391,"V007_75, V007_75_dep",0.0,0.0,2.0,2.0
11,e1392,"V007_75, V007_76",0.0,0.0,6.0,5.0
11,e1393,"V004_75_dep, V001_83_arr",0.0,0.0,5.0,5.0
11,e1394,"V004_75_arr, V004_75",0.0,0.0,1.0,1.0
11,e1395,"V004_76, V004_76_dep",0.0,0.0,5.0,5.0
11,e1396,"V004_76, V004_77",0.0,0.0,7.0,7.0
11,e1397,"V002_75_arr, V002_75",0.0,0.0,1.0,1.0
11,e1398,"V002_76, V002_76_dep",0.0,0.0,5.0,5.0
11,e1399,"V002_76, V002_77",0.1642519686306576,0.1642519686306576,7.0,5.0
11,e1400,"V003_75_arr, V003_75",0.0,0.0,2.0,2.0
11,e1401,"V003_76, V003_76_dep",0.0,0.0,1.0,1.0
11,e1402,"V003_76, V003_77",0.0,0.0,8.0,7.0
11,e1403,"V001_75_dep, V003_79_arr",0.0,0.0,5.0,5.0
11,e1404,"V001_75_arr, V001_75",0.0,0.0,2.0,2.0
11,e1405,"V001_76, V001_76_dep",0.0,0.0,1.0,1.0
11,e1406,"V001_76, V001_77",0.0,0.0,7.0,6.0
11,e1407,"V007_75_arr, V007_75",0.0,0.0,1.0,1.0
11,e1408,"V007_76, V007_76_dep",0.0,0.0,2.0,2.0
11,e1409,"V007_76, V007_77",0.0,0.0,6.0,5.0
11,e1410,"V004_76_dep, V001_84_arr",0.0,0.0,5.0,5.0
11,e1411,"V004_76_arr, V004_76",0.0,0.0,1.0,1.0
11,e1412,"V004_77, V004_77_dep",0.0,0.0,5.0,5.0
11,e1413,"V004_77, V004_78",0.0,0.0,7.0,7.0
11,e1414,"V002_76_arr, V002_76",0.0,0.0,1.0,1.0
11,e1415,"V002_77, V002_77_dep",0.0,0.0,5.0,5.0
11,e1416,"V002_77, V002_78",0.15040545807778027,0.15040545807778027,7.0,5.0
11,e1417,"V003_76_arr, V003_76",0.0,0.0,2.0,2.0
11,e1418,"V003_77, V003_77_dep",0.0,0.0,1.0,1.0
11,e1419,"V003_77, V003_78",0.0,0.0,8.0,7.0
11,e1420,"V001_76_dep, V003_80_arr",0.0,0.0,5.0,5.0
11,e1421,"V001_76_arr, V001_76",0.0,0.0,2.0,2.0
11,e1422,"V001_77, V001_77_dep",0.0,0.0,1.0,1.0
11,e1423,"V001_77, V001_78",0.0,0.0,7.0,6.0
11,e1424,"V007_76_arr, V007_76",0.0,0.0,1.0,1.0
11,e1425,"V007_77, V007_77_dep",0.0,0.0,2.0,2.0
11,e1426,"V007_77, V007_78",0.0,0.0,6.0,5.0
11,e1427,"V004_77_dep, V001_85_arr",0.0,0.0,5.0,5.0
11,e1428,"V004_77_arr, V004_77",0.0,0.0,1.0,1.0
11,e1429,"V004_78, V004_78_dep",0.0,0.0,5.0,5.0
11,e1430,"V004_78, V004_79",0.0,0.0,7.0,7.0
11,e1431,"V002_77_arr, V002_77",0.0,0.0,1.0,1.0
11,e1432,"V002_78, V002_78_dep",0.0,0.0,5.0,5.0
11,e1433,"V002_78, V002_79",0.1431637356709814,0.1431637356709814,7.0,5.0
11,e1434,"V003_77_arr, V003_77",0.0,0.0,2.0,2.0
11,e1435,"V003_78, V003_78_dep",0.0,0.0,1.0,1.0
11,e1436,"V003_78, V003_79",0.0,0.0,8.0,7.0
11,e1437,"V001_77_dep, V003_81_arr",0.0,0.0,5.0,5.0
11,e1438,"V001_77_arr, V001_77",0.0,0.0,2.0,2.0
11,e1439,"V001_78, V001_78_dep",0.0,0.0,1.0,1.0
11,e1440,"V001_78, V001_79",0.0,0.0,7.0,6.0
11,e1441,"V007_77_arr, V007_77",0.0,0.0,1.0,1.0
11,e1442,"V007_78, V007_78_dep",0.0,0.0,2.0,2.0
11,e1443,"V007_78, V007_79",0.0,0.0,6.0,5.0
11,e1444,"V004_78_dep, V001_86_arr",0.0,0.0,5.0,5.0
11,e1445,"V004_78_arr, V004_78",0.0,0.0,1.0,1.0
11,e1446,"V004_79, V004_79_dep",0.0,0.0,5.0,5.0
11,e1447,"V004_79, V004_80",0.0,0.0,7.0,7.0
11,e1448,"V002_78_arr, V002_78",0.0,0.0,1.0,1.0
11,e1449,"V002_79, V002_79_dep",0.0,0.0,5.0,5.0
11,e1450,"V002_79, V002_80",0.09518487538011211,0.09518487538011211,7.0,5.0
11,e1451,"V003_78_arr, V003_78",0.0,0.0,2.0,2.0
11,e1452,"V003_79, V003_79_dep",0.0,0.0,1.0,1.0
11,e1453,"V003_79, V003_80",0.0,0.0,8.0,7.0
11,e1454,"V001_78_dep, V003_82_arr",0.0,0.0,5.0,5.0
11,e1455,"V001_78_arr, V001_78",0.0,0.0,2.0,2.0
11,e1456,"V001_79, V001_79_dep",0.0,0.0,1.0,1.0
11,e1457,"V001_79, V001_80",0.0,0.0,7.0,6.0
11,e1458,"V007_78_arr, V007_78",0.0,0.0,1.0,1.0
11,e1459,"V007_79, V007_79_dep",0.0,0.0,2.0,2.0
11,e1460,"V007_79, V007_80",0.0,0.0,6.0,5.0
11,e1461,"V004_79_dep, V001_87_arr",0.0,0.0,5.0,5.0
11,e1462,"V004_79_arr, V004_79",0.0,0.0,1.0,1.0
11,e1463,"V004_80, V004_80_dep",0.0,0.0,5.0,5.0
11,e1464,"V004_80, V004_81",0.0,0.0,7.0,7.0
11,e1465,"V002_79_arr, V002_79",0.0,0.0,1.0,1.0
11,e1466,"V002_80, V002_80_dep",0.0,0.0,5.0,5.0
11,e1467,"V002_80, V002_81",0.04139757518439424,0.04139757518439424,7.0,5.0
11,e1468,"V003_79_arr, V003_79",0.0,0.0,2.0,2.0
11,e1469,"V003_80, V003_80_dep",0.0,0.0,1.0,1.0
11,e1470,"V003_80, V003_81",0.0,0.0,8.0,7.0
11,e1471,"V001_79_dep, V003_83_arr",0.0,0.0,5.0,5.0
11,e1472,"V001_79_arr, V001_79",0.0,0.0,2.0,2.0
11,e1473,"V001_80, V001_80_dep",0.0,0.0,1.0,1.0
11,e1474,"V001_80, V001_81",0.0,0.0,7.0,6.0
11,e1475,"V007_79_arr, V007_79",0.0,0.0,1.0,1.0
11,e1476,"V007_80, V007_80_dep",0.0,0.0,2.0,2.0
11,e1477,"V007_80, V007_81",0.0,0.0,6.0,5.0
11,e1478,"V004_80_dep, V001_88_arr",0.0,0.0,5.0,5.0
11,e1479,"V004_80_arr, V004_80",0.0,0.0,1.0,1.0
11,e1480,"V004_81, V004_81_dep",0.0,0.0,5.0,5.0
11,e1481,"V004_81, V004_82",0.0,0.0,7.0,7.0
11,e1482,"V002_80_arr, V002_80",0.0,0.0,1.0,1.0
11,e1483,"V002_81, V002_81_dep",0.0,0.0,5.0,5.0
11,e1484,"V002_81, V002_82",0.008910449118335606,0.008910449118335606,7.0,5.0
11,e1485,"V003_80_arr, V003_80",0.0,0.0,2.0,2.0
11,e1486,"V003_81, V003_81_dep",0.0,0.0,1.0,1.0
11,e1487,"V003_81, V003_82",0.0,0.0,8.0,7.0
11,e1488,"V001_80_dep, V003_84_arr",0.0,0.0,5.0,5.0
11,e1489,"V001_80_arr, V001_80",0.0,0.0,2.0,2.0
11,e1490,"V001_81, V001_81_dep",0.0,0.0,1.0,1.0
11,e1491,"V001_81, V001_82",0.0,0.0,7.0,6.0
11,e1492,"V007_80_arr, V007_80",0.0,0.0,1.0,1.0
11,e1493,"V007_81, V007_81_dep",0.0,0.0,2.0,2.0
11,e1494,"V007_81, V007_82",0.0,0.0,6.0,5.0
11,e1495,"V004_81_dep, V001_89_arr",0.0,0.0,5.0,5.0
11,e1496,"V004_81_arr, V004_81",0.0,0.0,1.0,1.0
11,e1497,"V004_82, V004_82_dep",0.0,0.0,5.0,5.0
11,e1498,"V004_82, V004_83",0.0,0.0,7.0,7.0
11,e1499,"V002_81_arr, V002_81",0.0,0.0,1.0,1.0
11,e1500,"V002_82, V002_82_dep",0.0,0.0,5.0,5.0
11,e1501,"V002_82, V002_83",0.0011896886895979009,0.0011896886895979009,7.0,5.0
11,e1502,"V003_81_arr, V003_81",0.0,0.0,2.0,2.0
11,e1503,"V003_82, V003_82_dep",0.0,0.0,1.0,1.0
11,e1504,"V003_82, V003_83",0.0,0.0,8.0,7.0
11,e1505,"V001_81_dep, V003_85_arr",0.0,0.0,5.0,5.0
11,e1506,"V001_81_arr, V001_81",0.0,0.0,2.0,2.0
11,e1507,"V001_82, V001_82_dep",0.0,0.0,1.0,1.0
11,e1508,"V001_82, V001_83",0.0,0.0,7.0,6.0
11,e1509,"V007_81_arr, V007_81",0.0,0.0,1.0,1.0
11,e1510,"V007_82, V007_82_dep",0.0,0.0,2.0,2.0
11,e1511,"V007_82, V007_83",0.0,0.0,6.0,5.0
11,e1512,"V004_82_dep, V001_90_arr",0.0,0.0,5.0,5.0
11,e1513,"V004_82_arr, V004_82",0.0,0.0,1.0,1.0
11,e1514,"V004_83, V004_83_dep",0.0,0.0,5.0,5.0
11,e1515,"V004_83, V004_84",0.0,0.0,7.0,7.0
11,e1516,"V002_82_arr, V002_82",0.0,0.0,1.0,1.0
11,e1517,"V002_83, V002_83_dep",0.0,0.0,5.0,5.0
11,e1518,"V002_83, V002_84",0.003161027789047033,0.003161027789047033,7.0,5.0
11,e1519,"V003_82_arr, V003_82",0.0,0.0,2.0,2.0
11,e1520,"V003_83, V003_83_dep",0.0,0.0,1.0,1.0
11,e1521,"V003_83, V003_84",0.0,0.0,8.0,7.0
11,e1522,"V001_82_dep, V003_86_arr",0.0,0.0,5.0,5.0
11,e1523,"V001_82_arr, V001_82",0.0,0.0,2.0,2.0
11,e1524,"V001_83, V001_83_dep",0.0,0.0,1.0,1.0
11,e1525,"V001_83, V001_84",0.0031720441150673295,0.0031720441150673295,7.0,6.0
11,e1526,"V007_82_arr, V007_82",0.0,0.0,1.0,1.0
11,e1527,"V007_83, V007_83_dep",0.0,0.0,2.0,2.0
11,e1528,"V007_83, V007_84",0.0,0.0,6.0,5.0
11,e1529,"V004_83_dep, V001_91_arr",0.0,0.0,5.0,5.0
11,e1530,"V004_83_arr, V004_83",0.0,0.0,1.0,1.0
11,e1531,"V004_84, V004_84_dep",0.0,0.0,5.0,5.0
11,e1532,"V004_84, V004_85",0.0,0.0,7.0,7.0
11,e1533,"V002_83_arr, V002_83",0.0,0.0,1.0,1.0
11,e1534,"V002_84, V002_84_dep",0.0,0.0,5.0,5.0
11,e1535,"V002_84, V002_85",0.00446070288476097,0.00446070288476097,7.0,5.0
11,e1536,"V003_83_arr, V003_83",0.0,0.0,2.0,2.0
11,e1537,"V003_84, V003_84_dep",0.0,0.0,1.0,1.0
11,e1538,"V003_84, V003_85",0.0,0.0,8.0,7.0
11,e1539,"V001_83_dep, V003_87_arr",0.0,0.0,5.0,5.0
11,e1540,"V001_83_arr, V001_83",0.0,0.0,2.0,2.0
11,e1541,"V001_84, V001_84_dep",0.0,0.0,1.0,1.0
11,e1542,"V001_84, V001_85",0.02950586575554137,0.02950586575554137,7.0,6.0
11,e1543,"V007_83_arr, V007_83",0.0,0.0,1.0,1.0
11,e1544,"V007_84, V007_84_dep",0.0,0.0,2.0,2.0
11,e1545,"V007_84, V007_85",0.0,0.0,6.0,5.0
11,e1546,"V004_84_dep, V001_92_arr",0.0,0.0,5.0,5.0
11,e1547,"V004_84_arr, V004_84",0.0,0.0,1.0,1.0
11,e1548,"V004_85, V004_85_dep",0.0,0.0,5.0,5.0
11,e1549,"V004_85, V004_86",0.0,0.0,7.0,7.0
11,e1550,"V002_84_arr, V002_84",0.0,0.0,1.0,1.0
11,e1551,"V002_85, V002_85_dep",0.0,0.0,5.0,5.0
11,e1552,"V002_85, V002_86",0.004653656608648582,0.004653656608648582,7.0,5.0
11,e1553,"V003_84_arr, V003_84",0.0,0.0,2.0,2.0
11,e1554,"V003_85, V003_85_dep",0.0,0.0,1.0,1.0
11,e1555,"V003_85, V003_86",0.0,0.0,8.0,7.0
11,e1556,"V001_84_dep, V003_88_arr",0.0,0.0,5.0,5.0
11,e1557,"V001_84_arr, V001_84",0.0,0.0,2.0,2.0
11,e1558,"V001_85, V001_85_dep",0.0,0.0,1.0,1.0
11,e1559,"V001_85, V001_86",0.07293065078035177,0.07293065078035177,7.0,6.0
11,e1560,"V007_84_arr, V007_84",0.0,0.0,1.0,1.0
11,e1561,"V007_85, V007_85_dep",0.0,0.0,2.0,2.0
11,e1562,"V007_85, V007_86",0.0,0.0,6.0,5.0
11,e1563,"V004_85_dep, V001_93_arr",0.0,0.0,5.0,5.0
11,e1564,"V004_85_arr, V004_85",0.0,0.0,1.0,1.0
11,e1565,"V004_86, V004_86_dep",0.0,0.0,5.0,5.0
11,e1566,"V004_86, V004_87",0.0,0.0,7.0,7.0
11,e1567,"V002_85_arr, V002_85",0.0,0.0,1.0,1.0
11,e1568,"V002_86, V002_86_dep",0.0,0.0,5.0,5.0
11,e1569,"V002_86, V002_87",0.004278335648941756,0.004278335648941756,7.0,5.0
11,e1570,"V003_85_arr, V003_85",0.0,0.0,2.0,2.0
11,e1571,"V003_86, V003_86_dep",0.0,0.0,1.0,1.0
11,e1572,"V003_86, V003_87",0.0,0.0,8.0,7.0
11,e1573,"V001_85_dep, V003_89_arr",0.0,0.0,5.0,5.0
11,e1574,"V001_85_arr, V001_85",0.0,0.0,2.0,2.0
11,e1575,"V001_86, V001_86_dep",0.0,0.0,1.0,1.0
11,e1576,"V001_86, V001_87",0.15274386281620256,0.15274386281620256,7.0,6.0
11,e1577,"V007_85_arr, V007_85",0.0,0.0,1.0,1.0
11,e1578,"V007_86, V007_86_dep",0.0,0.0,2.0,2.0
11,e1579,"V007_86, V007_87",0.0,0.0,6.0,5.0
11,e1580,"V004_86_dep, V001_94_arr",0.0,0.0,5.0,5.0
11,e1581,"V004_86_arr, V004_86",0.0,0.0,1.0,1.0
11,e1582,"V004_87, V004_87_dep",0.0,0.0,5.0,5.0
11,e1583,"V004_87, V004_88",0.0,0.0,7.0,7.0
11,e1584,"V002_86_arr, V002_86",0.0,0.0,1.0,1.0
11,e1585,"V002_87, V002_87_dep",0.0,0.0,5.0,5.0
11,e1586,"V002_87, V002_88",0.003438667733477452,0.003438667733477452,7.0,5.0
11,e1587,"V003_86_arr, V003_86",0.0,0.0,2.0,2.0
11,e1588,"V003_87, V003_87_dep",0.0,0.0,1.0,1.0
11,e1589,"V003_87, V003_88",0.0,0.0,8.0,7.0
11,e1590,"V001_86_dep, V003_90_arr",0.0,0.0,5.0,5.0
11,e1591,"V001_86_arr, V001_86",0.0,0.0,2.0,2.0
11,e1592,"V001_87, V001_87_dep",0.0,0.0,1.0,1.0
11,e1593,"V001_87, V001_88",0.22995426730438417,0.22995426730438417,7.0,6.0
11,e1594,"V007_86_arr, V007_86",0.0,0.0,1.0,1.0
11,e1595,"V007_87, V007_87_dep",0.0,0.0,2.0,2.0
11,e1596,"V007_87, V007_88",0.3460636721199819,0.3460636721199819,6.0,5.0
11,e1597,"V004_87_dep, V001_95_arr",0.0,0.0,5.0,5.0
11,e1598,"V004_87_arr, V004_87",0.0,0.0,1.0,1.0
11,e1599,"V004_88, V004_88_dep",0.0,0.0,5.0,5.0
11,e1600,"V004_88, V004_89",0.0,0.0,7.0,7.0
11,e1601,"V002_87_arr, V002_87",0.0,0.0,1.0,1.0
11,e1602,"V002_88, V002_88_dep",0.0,0.0,5.0,5.0
11,e1603,"V002_88, V002_89",0.0026360991840279624,0.0026360991840279624,7.0,5.0
11,e1604,"V003_87_arr, V003_87",0.0,0.0,2.0,2.0
11,e1605,"V003_88, V003_88_dep",0.0,0.0,1.0,1.0
11,e1606,"V003_88, V003_89",0.0,0.0,8.0,7.0
11,e1607,"V001_87_dep, V003_91_arr",0.0,0.0,5.0,5.0
11,e1608,"V001_87_arr, V001_87",0.0,0.0,2.0,2.0
11,e1609,"V001_88, V001_88_dep",0.0,0.0,1.0,1.0
11,e1610,"V001_88, V001_89",0.2776090038093981,0.2776090038093981,7.0,6.0
11,e1611,"V007_87_arr, V007_87",0.0,0.0,1.0,1.0
11,e1612,"V007_88, V007_88_dep",0.0,0.0,2.0,2.0
11,e1613,"V007_88, V007_89",0.09495738047391455,0.09495738047391455,6.0,5.0
11,e1614,"V004_88_dep, V001_96_arr",0.0,0.0,5.0,5.0
11,e1615,"V004_88_arr, V004_88",0.0,0.0,1.0,1.0
11,e1616,"V004_89, V004_89_dep",0.0,0.0,5.0,5.0
11,e1617,"V004_89, V004_90",0.0,0.0,7.0,7.0
11,e1618,"V002_88_arr, V002_88",0.0,0.0,1.0,1.0
11,e1619,"V002_89, V002_89_dep",0.0,0.0,5.0,5.0
11,e1620,"V002_89, V002_90",0.0028579539653117436,0.0028579539653117436,7.0,5.0
11,e1621,"V003_88_arr, V003_88",0.0,0.0,2.0,2.0
11,e1622,"V003_89, V003_89_dep",0.0,0.0,1.0,1.0
11,e1623,"V003_89, V003_90",0.0,0.0,8.0,7.0
11,e1624,"V001_88_dep, V003_92_arr",0.0,0.0,5.0,5.0
11,e1625,"V001_88_arr, V001_88",0.0,0.0,2.0,2.0
11,e1626,"V001_89, V001_89_dep",0.0,0.0,1.0,1.0
11,e1627,"V001_89, V001_90",0.3149429703604012,0.3149429703604012,7.0,6.0
11,e1628,"V007_88_arr, V007_88",0.0,0.0,1.0,1.0
11,e1629,"V007_89, V007_89_dep",0.0,0.0,2.0,2.0
11,e1630,"V007_89, V007_90",0.00043445145571308075,0.00043445145571308075,6.0,5.0
11,e1631,"V004_89_dep, V001_97_arr",0.0,0.0,5.0,5.0
11,e1632,"V004_89_arr, V004_89",0.0,0.0,1.0,1.0
11,e1633,"V004_90, V004_90_dep",0.0,0.0,5.0,5.0
11,e1634,"V004_90, V004_91",0.0,0.0,7.0,7.0
11,e1635,"V002_89_arr, V002_89",0.0,0.0,1.0,1.0
11,e1636,"V002_90, V002_90_dep",0.0,0.0,5.0,5.0
11,e1637,"V002_90, V002_91",0.005871935339327727,0.005871935339327727,7.0,5.0
11,e1638,"V003_89_arr, V003_89",0.0,0.0,2.0,2.0
11,e1639,"V003_90, V003_90_dep",0.0,0.0,1.0,1.0
11,e1640,"V003_90, V003_91",0.0,0.0,8.0,7.0
11,e1641,"V001_89_dep, V003_93_arr",0.0,0.0,5.0,5.0
11,e1642,"V001_89_arr, V001_89",0.0,0.0,2.0,2.0
11,e1643,"V001_90, V001_90_dep",0.0,0.0,1.0,1.0
11,e1644,"V001_90, V001_91",0.3389781367096578,0.3389781367096578,7.0,6.0
11,e1645,"V007_89_arr, V007_89",0.0,0.0,1.0,1.0
11,e1646,"V007_90, V007_90_dep",0.0,0.0,2.0,2.0
11,e1647,"V007_90, V007_91",0.0009948307547968938,0.0009948307547968938,6.0,5.0
11,e1648,"V004_90_dep, V001_98_arr",0.0,0.0,5.0,5.0
11,e1649,"V004_90_arr, V004_90",0.0,0.0,1.0,1.0
11,e1650,"V004_91, V004_91_dep",0.0,0.0,5.0,5.0
11,e1651,"V004_91, V004_92",0.0,0.0,7.0,7.0
11,e1652,"V002_90_arr, V002_90",0.0,0.0,1.0,1.0
11,e1653,"V002_91, V002_91_dep",0.0,0.0,5.0,5.0
11,e1654,"V002_91, V002_92",0.010291199588214894,0.010291199588214894,7.0,5.0
11,e1655,"V003_90_arr, V003_90",0.0,0.0,2.0,2.0
11,e1656,"V003_91, V003_91_dep",0.0,0.0,1.0,1.0
11,e1657,"V003_91, V003_92",0.0,0.0,8.0,7.0
11,e1658,"V001_90_dep, V003_94_arr",0.0,0.0,5.0,5.0
11,e1659,"V001_90_arr, V001_90",0.0,0.0,2.0,2.0
11,e1660,"V001_91, V001_91_dep",0.0,0.0,1.0,1.0
11,e1661,"V001_91, V001_92",0.3512470511197652,0.3512470511197652,7.0,6.0
11,e1662,"V007_90_arr, V007_90",0.0,0.0,1.0,1.0
11,e1663,"V007_91, V007_91_dep",0.0,0.0,2.0,2.0
11,e1664,"V007_91, V007_92",0.002103989232788983,0.002103989232788983,6.0,5.0
11,e1665,"V004_91_dep, V001_99_arr",0.0,0.0,5.0,5.0
11,e1666,"V004_91_arr, V004_91",0.0,0.0,1.0,1.0
11,e1667,"V004_92, V004_92_dep",0.0,0.0,5.0,5.0
11,e1668,"V004_92, V004_93",0.0,0.0,7.0,7.0
11,e1669,"V002_91_arr, V002_91",0.0,0.0,1.0,1.0
11,e1670,"V002_92, V002_92_dep",0.0,0.0,5.0,5.0
11,e1671,"V002_92, V002_93",0.01981974498183714,0.01981974498183714,7.0,5.0
11,e1672,"V003_91_arr, V003_91",0.0,0.0,2.0,2.0
11,e1673,"V003_92, V003_92_dep",0.0,0.0,1.0,1.0
11,e1674,"V003_92, V003_93",0.0,0.0,8.0,7.0
11,e1675,"V001_91_dep, V003_95_arr",0.0,0.0,5.0,5.0
11,e1676,"V001_91_arr, V001_91",0.0,0.0,2.0,2.0
11,e1677,"V001_92, V001_92_dep",0.0,0.0,1.0,1.0
11,e1678,"V001_92, V001_93",0.355684683697457,0.355684683697457,7.0,6.0
11,e1679,"V007_91_arr, V007_91",0.0,0.0,1.0,1.0
11,e1680,"V007_92, V007_92_dep",0.0,0.0,2.0,2.0
11,e1681,"V007_92, V007_93",0.004355079981204213,0.004355079981204213,6.0,5.0
11,e1682,"V004_92_dep, V001_100_arr",0.0,0.0,5.0,5.0
11,e1683,"V004_92_arr, V004_92",0.0,0.0,1.0,1.0
11,e1684,"V004_93, V004_93_dep",0.0,0.0,5.0,5.0
11,e1685,"V004_93, V004_94",0.0,0.0,7.0,7.0
11,e1686,"V002_92_arr, V002_92",0.0,0.0,1.0,1.0
11,e1687,"V002_93, V002_93_dep",0.0,0.0,5.0,5.0
11,e1688,"V002_93, V002_94",0.03653210935672835,0.03653210935672835,7.0,5.0
11,e1689,"V003_92_arr, V003_92",0.0,0.0,2.0,2.0
11,e1690,"V003_93, V003_93_dep",0.0,0.0,1.0,1.0
11,e1691,"V003_93, V003_94",0.0,0.0,8.0,7.0
11,e1692,"V001_92_dep, V003_96_arr",0.0,0.0,5.0,5.0
11,e1693,"V001_92_arr, V001_92",0.0,0.0,2.0,2.0
11,e1694,"V001_93, V001_93_dep",0.0,0.0,1.0,1.0
11,e1695,"V001_93, V001_94",0.3549505587098922,0.3549505587098922,7.0,6.0
11,e1696,"V007_92_arr, V007_92",0.0,0.0,1.0,1.0
11,e1697,"V007_93, V007_93_dep",0.0,0.0,2.0,2.0
11,e1698,"V007_93, V007_94",0.008852395518572642,0.008852395518572642,6.0,5.0
11,e1699,"V004_93_arr, V004_93",0.0,0.0,1.0,1.0
11,e1700,"V004_94, V004_94_dep",0.0,0.0,5.0,5.0
11,e1701,"V004_94, V004_95",0.0,0.0,7.0,7.0
11,e1702,"V002_93_arr, V002_93",0.0,0.0,1.0,1.0
11,e1703,"V002_94, V002_94_dep",0.0,0.0,5.0,5.0
11,e1704,"V002_94, V002_95",0.079232435908132,0.079232435908132,7.0,5.0
11,e1705,"V003_93_arr, V003_93",0.0,0.0,2.0,2.0
11,e1706,"V003_94, V003_94_dep",0.0,0.0,1.0,1.0
11,e1707,"V003_94, V003_95",0.0,0.0,8.0,7.0
11,e1708,"V001_93_dep, V003_97_arr",0.0,0.0,5.0,5.0
11,e1709,"V001_93_arr, V001_93",0.0,0.0,2.0,2.0
11,e1710,"V001_94, V001_94_dep",0.0,0.0,1.0,1.0
11,e1711,"V001_94, V001_95",0.3538544535472399,0.3538544535472399,7.0,6.0
11,e1712,"V007_93_arr, V007_93",0.0,0.0,1.0,1.0
11,e1713,"V007_94, V007_94_dep",0.0,0.0,2.0,2.0
11,e1714,"V007_94, V007_95",0.017972351278596754,0.017972351278596754,6.0,5.0
11,e1715,"V004_94_arr, V004_94",0.0,0.0,1.0,1.0
11,e1716,"V004_95, V004_95_dep",0.0,0.0,5.0,5.0
11,e1717,"V004_95, V004_96",0.0,0.0,7.0,7.0
11,e1718,"V002_94_arr, V002_94",0.0,0.0,1.0,1.0
11,e1719,"V002_95, V002_95_dep",0.0,0.0,5.0,5.0
11,e1720,"V002_95, V002_96",0.1549013611440131,0.1549013611440131,7.0,5.0
11,e1721,"V003_94_arr, V003_94",0.0,0.0,2.0,2.0
11,e1722,"V003_95, V003_95_dep",0.0,0.0,1.0,1.0
11,e1723,"V003_95, V003_96",0.0,0.0,8.0,7.0
11,e1724,"V001_94_dep, V003_98_arr",0.0,0.0,5.0,5.0
11,e1725,"V001_94_arr, V001_94",0.0,0.0,2.0,2.0
11,e1726,"V001_95, V001_95_dep",0.0,0.0,1.0,1.0
11,e1727,"V001_95, V001_96",0.35014610487182907,0.35014610487182907,7.0,6.0
11,e1728,"V007_94_arr, V007_94",0.0,0.0,1.0,1.0
11,e1729,"V007_95, V007_95_dep",0.0,0.0,2.0,2.0
11,e1730,"V007_95, V007_96",0.03873193666613872,0.03873193666613872,6.0,5.0
11,e1731,"V004_95_arr, V004_95",0.0,0.0,1.0,1.0
11,e1732,"V004_96, V004_96_dep",0.0,0.0,5.0,5.0
11,e1733,"V004_96, V004_97",0.0,0.0,7.0,7.0
11,e1734,"V002_95_arr, V002_95",0.0,0.0,1.0,1.0
11,e1735,"V002_96, V002_96_dep",0.0,0.0,5.0,5.0
11,e1736,"V002_96, V002_97",0.2898273383379424,0.2898273383379424,7.0,5.0
11,e1737,"V003_95_arr, V003_95",0.0,0.0,2.0,2.0
11,e1738,"V003_96, V003_96_dep",0.0,0.0,1.0,1.0
11,e1739,"V003_96, V003_97",0.0,0.0,8.0,7.0
11,e1740,"V001_95_dep, V003_99_arr",0.0,0.0,5.0,5.0
11,e1741,"V001_95_arr, V001_95",0.0,0.0,2.0,2.0
11,e1742,"V001_96, V001_96_dep",0.0,0.0,1.0,1.0
11,e1743,"V001_96, V001_97",0.343338290237738,0.343338290237738,7.0,6.0
11,e1744,"V007_95_arr, V007_95",0.0,0.0,1.0,1.0
11,e1745,"V007_96, V007_96_dep",0.0,0.0,2.0,2.0
11,e1746,"V007_96, V007_97",0.08087416575353057,0.08087416575353057,6.0,5.0
11,e1747,"V004_96_arr, V004_96",0.0,0.0,1.0,1.0
11,e1748,"V004_97, V004_97_dep",0.0,0.0,5.0,5.0
11,e1749,"V004_97, V004_98",0.0,0.0,7.0,7.0
11,e1750,"V002_96_arr, V002_96",0.0,0.0,1.0,1.0
11,e1751,"V002_97, V002_97_dep",0.0,0.0,5.0,5.0
11,e1752,"V002_97, V002_98",0.5143497553639698,0.5143497553639698,7.0,5.0
11,e1753,"V003_96_arr, V003_96",0.0,0.0,2.0,2.0
11,e1754,"V003_97, V003_97_dep",0.0,0.0,1.0,1.0
11,e1755,"V003_97, V003_98",0.0,0.0,8.0,7.0
11,e1756,"V001_96_dep, V003_100_arr",0.0,0.0,5.0,5.0
11,e1757,"V001_96_arr, V001_96",0.0,0.0,2.0,2.0
11,e1758,"V001_97, V001_97_dep",0.0,0.0,1.0,1.0
11,e1759,"V001_97, V001_98",0.3343137600022672,0.3343137600022672,7.0,6.0
11,e1760,"V007_96_arr, V007_96",0.0,0.0,1.0,1.0
11,e1761,"V007_97, V007_97_dep",0.0,0.0,2.0,2.0
11,e1762,"V007_97, V007_98",0.16981088592167737,0.16981088592167737,6.0,5.0
11,e1763,"V004_97_arr, V004_97",0.0,0.0,1.0,1.0
11,e1764,"V004_98, V004_98_dep",0.0,0.0,5.0,5.0
11,e1765,"V004_98, V004_99",0.0,0.0,7.0,7.0
11,e1766,"V002_97_arr, V002_97",0.0,0.0,1.0,1.0
11,e1767,"V002_98, V002_98_dep",0.0,0.0,5.0,5.0
11,e1768,"V002_98, V002_99",0.9589551829973164,0.9589551829973164,7.0,5.0
11,e1769,"V003_97_arr, V003_97",0.0,0.0,2.0,2.0
11,e1770,"V003_98, V003_98_dep",0.0,0.0,1.0,1.0
11,e1771,"V003_98, V003_99",0.0,0.0,8.0,7.0
11,e1772,"V001_97_arr, V001_97",0.0,0.0,2.0,2.0
11,e1773,"V001_98, V001_98_dep",0.0,0.0,1.0,1.0
11,e1774,"V001_98, V001_99",0.328830289206814,0.328830289206814,7.0,6.0
11,e1775,"V007_97_arr, V007_97",0.0,0.0,1.0,1.0
11,e1776,"V007_98, V007_98_dep",0.0,0.0,2.0,2.0
11,e1777,"V007_98, V007_99",0.3520013303182967,0.3520013303182967,6.0,5.0
11,e1778,"V004_98_arr, V004_98",0.0,0.0,1.0,1.0
11,e1779,"V004_99, V004_99_dep",0.0,0.0,5.0,5.0
11,e1780,"V004_99, V004_100",0.0,0.0,7.0,7.0
11,e1781,"V002_98_arr, V002_98",0.0,0.0,1.0,1.0
11,e1782,"V002_99, V002_99_dep",0.0,0.0,5.0,5.0
11,e1783,"V002_99, V002_100",0.0,0.0,7.0,6.0
11,e1784,"V003_98_arr, V003_98",0.0,0.0,2.0,2.0
11,e1785,"V003_99, V003_99_dep",0.0,0.0,1.0,1.0
11,e1786,"V003_99, V003_100",0.0,0.0,8.0,7.0
11,e1787,"V001_98_arr, V001_98",0.0,0.0,2.0,2.0
11,e1788,"V001_99, V001_99_dep",0.0,0.0,1.0,1.0
11,e1789,"V001_99, V001_100",0.3257284956452322,0.3257284956452322,7.0,6.0
11,e1790,"V007_98_arr, V007_98",0.0,0.0,1.0,1.0
11,e1791,"V007_99, V007_99_dep",0.0,0.0,2.0,2.0
11,e1792,"V007_99, V007_100",0.0,0.0,6.0,6.0
11,e1793,"V004_99_arr, V004_99",0.0,0.0,1.0,1.0
11,e1794,"V004_100, V004_100_dep",0.0,0.0,5.0,5.0
11,e1795,"V002_99_arr, V002_99",0.0,0.0,1.0,1.0
11,e1796,"V002_100, V002_100_dep",0.0,0.0,5.0,5.0
11,e1797,"V003_99_arr, V003_99",0.0,0.0,2.0,2.0
11,e1798,"V003_100, V003_100_dep",0.0,0.0,1.0,1.0
11,e1799,"V001_99_arr, V001_99",0.0,0.0,2.0,2.0
11,e1800,"V001_100, V001_100_dep",0.0,0.0,1.0,1.0
11,e1801,"V007_99_arr, V007_99",0.0,0.0,1.0,1.0
11,e1802,"V007_100, V007_100_dep",0.0,0.0,2.0,2.0
11,e1803,"V004_100_arr, V004_100",0.0,0.0,1.0,1.0
11,e1804,"V002_100_arr, V002_100",0.0,0.0,1.0,1.0
11,e1805,"V003_100_arr, V003_100",0.0,0.0,2.0,2.0
11,e1806,"V001_100_arr, V001_100",0.0,0.0,2.0,2.0
11,e1807,"V007_100_arr, V007_100",0.0,0.0,1.0,1.0
11,e1808,"d, e",0.6737967505834774,0.6737967505834774,100.0,100.0
